Molecule,Transition_Type,Branch,Direction,v_lower,J_lower,v_upper,J_upper,Wavelength_nm,Raman_Shift_cm-1,Diff_Cross_Section_cm2_sr,Active_Cross_Section_cm2_sr,Depolarization_Ratio_rho,Collisional_FWHM_cm-1,Collisional_FWHM_nm,Transition_Label
N2,Pure Rotational,S,Stokes,0,0,0,2,532.33807,11.937,8.56054e-32,8.56054e-32,0.7500,0.1000,0.002833,N2 S(0)
N2,Pure Rotational,S,Stokes,0,1,0,3,532.56367,19.895,7.54418e-32,7.54418e-32,0.7500,0.1070,0.003036,N2 S(1)
N2,Pure Rotational,S,Stokes,0,2,0,4,532.78945,27.852,2.07022e-31,2.07022e-31,0.7500,0.1141,0.003239,N2 S(2)
N2,Pure Rotational,O,Anti-Stokes,0,2,0,0,531.66236,-11.937,8.11934e-32,8.11934e-32,0.7500,0.1141,0.003226,N2 O(2)
N2,Pure Rotational,S,Stokes,0,3,0,5,533.01539,35.808,1.26406e-31,1.26406e-31,0.7500,0.1212,0.003443,N2 S(3)
N2,Pure Rotational,O,Anti-Stokes,0,3,0,1,531.43752,-19.895,6.90737e-32,6.90737e-32,0.7500,0.1212,0.003423,N2 O(3)
N2,Pure Rotational,S,Stokes,0,4,0,6,533.24149,43.763,2.86697e-31,2.86697e-31,0.7500,0.1283,0.003647,N2 S(4)
N2,Pure Rotational,O,Anti-Stokes,0,4,0,2,531.21289,-27.852,1.82978e-31,1.82978e-31,0.7500,0.1283,0.003619,N2 O(4)
N2,Pure Rotational,S,Stokes,0,5,0,7,533.46773,51.716,1.53908e-31,1.53908e-31,0.7500,0.1353,0.003852,N2 S(5)
N2,Pure Rotational,O,Anti-Stokes,0,5,0,3,530.98847,-35.808,1.07854e-31,1.07854e-31,0.7500,0.1353,0.003816,N2 O(5)
N2,Pure Rotational,S,Stokes,0,6,0,8,533.69412,59.668,3.16214e-31,3.16214e-31,0.7500,0.1424,0.004056,N2 S(6)
N2,Pure Rotational,O,Anti-Stokes,0,6,0,4,530.76428,-43.763,2.36143e-31,2.36143e-31,0.7500,0.1424,0.004012,N2 O(6)
N2,Pure Rotational,S,Stokes,0,7,0,9,533.92064,67.617,1.56404e-31,1.56404e-31,0.7500,0.1453,0.004141,N2 S(7)
N2,Pure Rotational,O,Anti-Stokes,0,7,0,5,530.54032,-51.716,1.22378e-31,1.22378e-31,0.7500,0.1453,0.004089,N2 O(7)
N2,Pure Rotational,S,Stokes,0,8,0,10,534.14728,75.564,2.99230e-31,2.99230e-31,0.7500,0.1399,0.003992,N2 S(8)
N2,Pure Rotational,O,Anti-Stokes,0,8,0,6,530.31660,-59.668,2.42726e-31,2.42726e-31,0.7500,0.1399,0.003935,N2 O(8)
N2,Pure Rotational,S,Stokes,0,9,0,11,534.37404,83.509,1.38802e-31,1.38802e-31,0.7500,0.1300,0.003714,N2 S(9)
N2,Pure Rotational,O,Anti-Stokes,0,9,0,7,530.09313,-67.617,1.15899e-31,1.15899e-31,0.7500,0.1300,0.003654,N2 O(9)
N2,Pure Rotational,S,Stokes,0,10,0,12,534.60091,91.450,2.50295e-31,2.50295e-31,0.7500,0.1170,0.003345,N2 S(10)
N2,Pure Rotational,O,Anti-Stokes,0,10,0,8,529.86991,-75.564,2.14061e-31,2.14061e-31,0.7500,0.1170,0.003286,N2 O(10)
N2,Pure Rotational,S,Stokes,0,11,0,13,534.82789,99.389,1.09834e-31,1.09834e-31,0.7500,0.1026,0.002934,N2 S(11)
N2,Pure Rotational,O,Anti-Stokes,0,11,0,9,529.64696,-83.509,9.58594e-32,9.58594e-32,0.7500,0.1026,0.002877,N2 O(11)
N2,Pure Rotational,S,Stokes,0,12,0,14,535.05495,107.323,1.87883e-31,1.87883e-31,0.7500,0.0882,0.002526,N2 S(12)
N2,Pure Rotational,O,Anti-Stokes,0,12,0,10,529.42427,-91.450,1.66880e-31,1.66880e-31,0.7500,0.0882,0.002473,N2 O(12)
N2,Pure Rotational,S,Stokes,0,13,0,15,535.28211,115.255,7.83783e-32,7.83783e-32,0.7500,0.0753,0.002157,N2 S(13)
N2,Pure Rotational,O,Anti-Stokes,0,13,0,11,529.20186,-99.389,7.06976e-32,7.06976e-32,0.7500,0.0753,0.002108,N2 O(13)
N2,Pure Rotational,S,Stokes,0,14,0,16,535.50934,123.182,1.27676e-31,1.27676e-31,0.7500,0.0645,0.001850,N2 S(14)
N2,Pure Rotational,O,Anti-Stokes,0,14,0,12,528.97973,-107.323,1.16756e-31,1.16756e-31,0.7500,0.0645,0.001805,N2 O(14)
N2,Pure Rotational,S,Stokes,0,15,0,17,535.73664,131.105,5.07899e-32,5.07899e-32,0.7500,0.0562,0.001612,N2 S(15)
N2,Pure Rotational,O,Anti-Stokes,0,15,0,13,528.75790,-115.255,4.70242e-32,4.70242e-32,0.7500,0.0562,0.001570,N2 O(15)
N2,Pure Rotational,S,Stokes,0,16,0,18,535.96400,139.023,7.89834e-32,7.89834e-32,0.7500,0.0501,0.001440,N2 S(16)
N2,Pure Rotational,O,Anti-Stokes,0,16,0,14,528.53636,-123.182,7.39563e-32,7.39563e-32,0.7500,0.0501,0.001400,N2 O(16)
N2,Pure Rotational,S,Stokes,0,17,0,19,536.19142,146.937,3.00228e-32,3.00228e-32,0.7500,0.0460,0.001323,N2 S(17)
N2,Pure Rotational,O,Anti-Stokes,0,17,0,15,528.31512,-131.105,2.84047e-32,2.84047e-32,0.7500,0.0460,0.001284,N2 O(17)
N2,Pure Rotational,S,Stokes,0,18,0,20,536.41888,154.845,4.46478e-32,4.46478e-32,0.7500,0.0434,0.001248,N2 S(18)
N2,Pure Rotational,O,Anti-Stokes,0,18,0,16,528.09420,-139.023,4.26487e-32,4.26487e-32,0.7500,0.0434,0.001210,N2 O(18)
N2,Pure Rotational,S,Stokes,0,19,0,21,536.64638,162.748,1.62403e-32,1.62403e-32,0.7500,0.0418,0.001204,N2 S(19)
N2,Pure Rotational,O,Anti-Stokes,0,19,0,17,527.87360,-146.937,1.56526e-32,1.56526e-32,0.7500,0.0418,0.001165,N2 O(19)
N2,Pure Rotational,S,Stokes,0,20,0,22,536.87392,170.645,2.31245e-32,2.31245e-32,0.7500,0.0409,0.001179,N2 S(20)
N2,Pure Rotational,O,Anti-Stokes,0,20,0,18,527.65332,-154.845,2.24756e-32,2.24756e-32,0.7500,0.0409,0.001139,N2 O(20)
N2,Pure Rotational,S,Stokes,0,21,0,23,537.10147,178.537,8.05768e-33,8.05768e-33,0.7500,0.0404,0.001166,N2 S(21)
N2,Pure Rotational,O,Anti-Stokes,0,21,0,19,527.43338,-162.748,7.89392e-33,7.89392e-33,0.7500,0.0404,0.001125,N2 O(21)
N2,Pure Rotational,S,Stokes,0,22,0,24,537.32903,186.422,1.09956e-32,1.09956e-32,0.7500,0.0402,0.001160,N2 S(22)
N2,Pure Rotational,O,Anti-Stokes,0,22,0,20,527.21378,-170.645,1.08534e-32,1.08534e-32,0.7500,0.0402,0.001117,N2 O(22)
N2,Pure Rotational,S,Stokes,0,23,0,25,537.55660,194.300,3.67331e-33,3.67331e-33,0.7500,0.0401,0.001158,N2 S(23)
N2,Pure Rotational,O,Anti-Stokes,0,23,0,21,526.99453,-178.537,3.65185e-33,3.65185e-33,0.7500,0.0401,0.001113,N2 O(23)
N2,Pure Rotational,S,Stokes,0,24,0,26,537.78417,202.172,4.80746e-33,4.80746e-33,0.7500,0.0400,0.001157,N2 S(24)
N2,Pure Rotational,O,Anti-Stokes,0,24,0,22,526.77563,-186.422,4.81219e-33,4.81219e-33,0.7500,0.0400,0.001111,N2 O(24)
N2,Pure Rotational,S,Stokes,0,25,0,27,538.01173,210.037,1.54076e-33,1.54076e-33,0.7500,0.0400,0.001158,N2 S(25)
N2,Pure Rotational,O,Anti-Stokes,0,25,0,23,526.55710,-194.300,1.55244e-33,1.55244e-33,0.7500,0.0400,0.001109,N2 O(25)
N2,Pure Rotational,S,Stokes,0,26,0,28,538.23926,217.895,1.93506e-33,1.93506e-33,0.7500,0.0400,0.001159,N2 S(26)
N2,Pure Rotational,O,Anti-Stokes,0,26,0,24,526.33893,-202.172,1.96209e-33,1.96209e-33,0.7500,0.0400,0.001108,N2 O(26)
N2,Pure Rotational,S,Stokes,0,27,0,29,538.46677,225.744,5.95286e-34,5.95286e-34,0.7500,0.0400,0.001159,N2 S(27)
N2,Pure Rotational,O,Anti-Stokes,0,27,0,25,526.12114,-210.037,6.07293e-34,6.07293e-34,0.7500,0.0400,0.001107,N2 O(27)
N2,Pure Rotational,S,Stokes,0,28,0,30,538.69424,233.586,7.17787e-34,7.17787e-34,0.7500,0.0400,0.001160,N2 S(28)
N2,Pure Rotational,O,Anti-Stokes,0,28,0,26,525.90373,-217.895,7.36600e-34,7.36600e-34,0.7500,0.0400,0.001106,N2 O(28)
N2,Pure Rotational,S,Stokes,0,29,0,31,538.92167,241.420,2.12045e-34,2.12045e-34,0.7500,0.0400,0.001161,N2 S(29)
N2,Pure Rotational,O,Anti-Stokes,0,29,0,27,525.68671,-225.744,2.18852e-34,2.18852e-34,0.7500,0.0400,0.001105,N2 O(29)
N2,Pure Rotational,S,Stokes,0,30,0,32,539.14905,249.246,2.45575e-34,2.45575e-34,0.7500,0.0400,0.001162,N2 S(30)
N2,Pure Rotational,O,Anti-Stokes,0,30,0,28,525.47009,-233.586,2.54873e-34,2.54873e-34,0.7500,0.0400,0.001104,N2 O(30)
N2,Pure Rotational,S,Stokes,0,31,0,33,539.37636,257.062,6.96920e-35,6.96920e-35,0.7500,0.0400,0.001163,N2 S(31)
N2,Pure Rotational,O,Anti-Stokes,0,31,0,29,525.25387,-241.420,7.27237e-35,7.27237e-35,0.7500,0.0400,0.001103,N2 O(31)
N2,Pure Rotational,S,Stokes,0,32,0,34,539.60360,264.870,7.75495e-35,7.75495e-35,0.7500,0.0400,0.001164,N2 S(32)
N2,Pure Rotational,O,Anti-Stokes,0,32,0,30,525.03806,-249.246,8.13520e-35,8.13520e-35,0.7500,0.0400,0.001102,N2 O(32)
N2,Pure Rotational,S,Stokes,0,33,0,35,539.83077,272.669,2.11488e-35,2.11488e-35,0.7500,0.0400,0.001165,N2 S(33)
N2,Pure Rotational,O,Anti-Stokes,0,33,0,31,524.82267,-257.062,2.23007e-35,2.23007e-35,0.7500,0.0400,0.001101,N2 O(33)
N2,Pure Rotational,S,Stokes,0,34,0,36,540.05785,280.458,2.26181e-35,2.26181e-35,0.7500,0.0400,0.001166,N2 S(34)
N2,Pure Rotational,O,Anti-Stokes,0,34,0,32,524.60770,-264.870,2.39709e-35,2.39709e-35,0.7500,0.0400,0.001100,N2 O(34)
N2,Pure Rotational,S,Stokes,0,35,0,37,540.28483,288.237,5.92925e-36,5.92925e-36,0.7500,0.0400,0.001167,N2 S(35)
N2,Pure Rotational,O,Anti-Stokes,0,35,0,33,524.39317,-272.669,6.31509e-36,6.31509e-36,0.7500,0.0400,0.001100,N2 O(35)
N2,Pure Rotational,S,Stokes,0,36,0,38,540.51171,296.006,6.09629e-36,6.09629e-36,0.7500,0.0400,0.001168,N2 S(36)
N2,Pure Rotational,O,Anti-Stokes,0,36,0,34,524.17907,-280.458,6.52463e-36,6.52463e-36,0.7500,0.0400,0.001099,N2 O(36)
N2,Pure Rotational,S,Stokes,0,37,0,39,540.73848,303.764,1.53660e-36,1.53660e-36,0.7500,0.0400,0.001169,N2 S(37)
N2,Pure Rotational,O,Anti-Stokes,0,37,0,35,523.96541,-288.237,1.65243e-36,1.65243e-36,0.7500,0.0400,0.001098,N2 O(37)
N2,Pure Rotational,S,Stokes,0,38,0,40,540.96512,311.512,1.51927e-36,1.51927e-36,0.7500,0.0400,0.001170,N2 S(38)
N2,Pure Rotational,O,Anti-Stokes,0,38,0,36,523.75221,-296.006,1.64148e-36,1.64148e-36,0.7500,0.0400,0.001097,N2 O(38)
N2,Pure Rotational,S,Stokes,0,39,0,41,541.19164,319.249,3.68289e-37,3.68289e-37,0.7500,0.0400,0.001171,N2 S(39)
N2,Pure Rotational,O,Anti-Stokes,0,39,0,37,523.53946,-303.764,3.99756e-37,3.99756e-37,0.7500,0.0400,0.001096,N2 O(39)
N2,Pure Rotational,S,Stokes,0,40,0,42,541.41801,326.975,3.50245e-37,3.50245e-37,0.7500,0.0400,0.001172,N2 S(40)
N2,Pure Rotational,O,Anti-Stokes,0,40,0,38,523.32718,-311.512,3.81902e-37,3.81902e-37,0.7500,0.0400,0.001095,N2 O(40)
N2,Pure Rotational,S,Stokes,0,41,0,43,541.64424,334.690,8.16744e-38,8.16744e-38,0.7500,0.0400,0.001173,N2 S(41)
N2,Pure Rotational,O,Anti-Stokes,0,41,0,39,523.11537,-319.249,8.94567e-38,8.94567e-38,0.7500,0.0400,0.001094,N2 O(41)
N2,Pure Rotational,S,Stokes,0,42,0,44,541.87032,342.392,7.47267e-38,7.47267e-38,0.7500,0.0400,0.001174,N2 S(42)
N2,Pure Rotational,O,Anti-Stokes,0,42,0,40,522.90404,-326.975,8.22096e-38,8.22096e-38,0.7500,0.0400,0.001093,N2 O(42)
N2,Pure Rotational,S,Stokes,0,43,0,45,542.09623,350.083,1.67666e-38,1.67666e-38,0.7500,0.0400,0.001175,N2 S(43)
N2,Pure Rotational,O,Anti-Stokes,0,43,0,41,522.69319,-334.690,1.85262e-38,1.85262e-38,0.7500,0.0400,0.001092,N2 O(43)
N2,Pure Rotational,S,Stokes,0,44,0,46,542.32196,357.761,1.47617e-38,1.47617e-38,0.7500,0.0400,0.001176,N2 S(44)
N2,Pure Rotational,O,Anti-Stokes,0,44,0,42,522.48283,-342.392,1.63813e-38,1.63813e-38,0.7500,0.0400,0.001092,N2 O(44)
N2,Pure Rotational,S,Stokes,0,45,0,47,542.54752,365.427,3.18749e-39,3.18749e-39,0.7500,0.0400,0.001177,N2 S(45)
N2,Pure Rotational,O,Anti-Stokes,0,45,0,43,522.27297,-350.083,3.55233e-39,3.55233e-39,0.7500,0.0400,0.001091,N2 O(45)
N2,Pure Rotational,S,Stokes,0,46,0,48,542.77288,373.080,2.70103e-39,2.70103e-39,0.7500,0.0400,0.001178,N2 S(46)
N2,Pure Rotational,O,Anti-Stokes,0,46,0,44,522.06361,-357.761,3.02289e-39,3.02289e-39,0.7500,0.0400,0.001090,N2 O(46)
N2,Pure Rotational,S,Stokes,0,47,0,49,542.99804,380.720,5.61407e-40,5.61407e-40,0.7500,0.0400,0.001179,N2 S(47)
N2,Pure Rotational,O,Anti-Stokes,0,47,0,45,521.85476,-365.427,6.30928e-40,6.30928e-40,0.7500,0.0400,0.001089,N2 O(47)
N2,Pure Rotational,S,Stokes,0,48,0,50,543.22300,388.346,4.57969e-40,4.57969e-40,0.7500,0.0400,0.001180,N2 S(48)
N2,Pure Rotational,O,Anti-Stokes,0,48,0,46,521.64643,-373.080,5.16807e-40,5.16807e-40,0.7500,0.0400,0.001088,N2 O(48)
N2,Pure Rotational,S,Stokes,0,49,0,51,543.44773,395.959,9.16442e-41,9.16442e-41,0.7500,0.0400,0.001181,N2 S(49)
N2,Pure Rotational,O,Anti-Stokes,0,49,0,47,521.43863,-380.720,1.03841e-40,1.03841e-40,0.7500,0.0400,0.001087,N2 O(49)
N2,Pure Rotational,S,Stokes,0,50,0,52,543.67224,403.558,7.19823e-41,7.19823e-41,0.7500,0.0400,0.001182,N2 S(50)
N2,Pure Rotational,O,Anti-Stokes,0,50,0,48,521.23135,-388.346,8.18930e-41,8.18930e-41,0.7500,0.0400,0.001086,N2 O(50)
N2,Vibrational (Fundamental),Q,Stokes,0,0,1,0,607.27256,2329.922,3.46965e-33,3.46965e-33,0.0350,0.0000,0.000000,N2 FQ(0)
N2,Vibrational (Fundamental),S,Stokes,0,0,1,2,607.70926,2341.755,1.50854e-34,1.50854e-34,0.7500,0.0000,0.000000,N2 FS(0)
N2,Vibrational (Fundamental),Q,Stokes,0,1,1,1,607.27128,2329.887,5.10483e-33,5.10483e-33,0.0350,0.0000,0.000000,N2 FQ(1)
N2,Vibrational (Fundamental),S,Stokes,0,1,1,3,607.99945,2349.609,1.33170e-34,1.33170e-34,0.7500,0.0000,0.000000,N2 FS(1)
N2,Vibrational (Fundamental),Q,Stokes,0,2,1,2,607.26872,2329.818,1.63708e-32,1.63708e-32,0.0350,0.0000,0.000000,N2 FQ(2)
N2,Vibrational (Fundamental),S,Stokes,0,2,1,4,608.28861,2357.428,3.66054e-34,3.66054e-34,0.7500,0.0000,0.000000,N2 FS(2)
N2,Vibrational (Fundamental),O,Stokes,0,2,1,0,606.83265,2317.985,1.42355e-34,1.42355e-34,0.7500,0.0000,0.000000,N2 FO(2)
N2,Vibrational (Fundamental),Q,Stokes,0,3,1,3,607.26489,2329.714,1.08139e-32,1.08139e-32,0.0350,0.0000,0.000000,N2 FQ(3)
N2,Vibrational (Fundamental),S,Stokes,0,3,1,5,608.57672,2365.210,2.23890e-34,2.23890e-34,0.7500,0.0000,0.000000,N2 FS(3)
N2,Vibrational (Fundamental),O,Stokes,0,3,1,1,606.53848,2309.992,1.20900e-34,1.20900e-34,0.7500,0.0000,0.000000,N2 FO(3)
N2,Vibrational (Fundamental),Q,Stokes,0,4,1,4,607.25978,2329.576,2.57381e-32,2.57381e-32,0.0350,0.0000,0.000000,N2 FQ(4)
N2,Vibrational (Fundamental),S,Stokes,0,4,1,6,608.86378,2372.957,5.08658e-34,5.08658e-34,0.7500,0.0000,0.000000,N2 FS(4)
N2,Vibrational (Fundamental),O,Stokes,0,4,1,2,606.24335,2301.966,3.19728e-34,3.19728e-34,0.7500,0.0000,0.000000,N2 FO(4)
N2,Vibrational (Fundamental),Q,Stokes,0,5,1,5,607.25340,2329.402,1.42799e-32,1.42799e-32,0.0350,0.0000,0.000000,N2 FQ(5)
N2,Vibrational (Fundamental),S,Stokes,0,5,1,7,609.14976,2380.668,2.73527e-34,2.73527e-34,0.7500,0.0000,0.000000,N2 FS(5)
N2,Vibrational (Fundamental),O,Stokes,0,5,1,3,605.94726,2293.906,1.88140e-34,1.88140e-34,0.7500,0.0000,0.000000,N2 FO(5)
N2,Vibrational (Fundamental),Q,Stokes,0,6,1,6,607.24573,2329.195,3.00567e-32,3.00567e-32,0.0350,0.0000,0.000000,N2 FQ(6)
N2,Vibrational (Fundamental),S,Stokes,0,6,1,8,609.43466,2388.343,5.62934e-34,5.62934e-34,0.7500,0.0000,0.000000,N2 FS(6)
N2,Vibrational (Fundamental),O,Stokes,0,6,1,4,605.65024,2285.813,4.11234e-34,4.11234e-34,0.7500,0.0000,0.000000,N2 FO(6)
N2,Vibrational (Fundamental),Q,Stokes,0,7,1,7,607.23679,2328.952,1.51463e-32,1.51463e-32,0.0350,0.0000,0.000000,N2 FQ(7)
N2,Vibrational (Fundamental),S,Stokes,0,7,1,9,609.71847,2395.980,2.78908e-34,2.78908e-34,0.7500,0.0000,0.000000,N2 FS(7)
N2,Vibrational (Fundamental),O,Stokes,0,7,1,5,605.35230,2277.686,2.12757e-34,2.12757e-34,0.7500,0.0000,0.000000,N2 FO(7)
N2,Vibrational (Fundamental),Q,Stokes,0,8,1,8,607.22657,2328.675,2.94139e-32,2.94139e-32,0.0350,0.0000,0.000000,N2 FQ(8)
N2,Vibrational (Fundamental),S,Stokes,0,8,1,10,610.00116,2403.581,5.34510e-34,5.34510e-34,0.7500,0.0000,0.000000,N2 FS(8)
N2,Vibrational (Fundamental),O,Stokes,0,8,1,6,605.05344,2269.527,4.21273e-34,4.21273e-34,0.7500,0.0000,0.000000,N2 FO(8)
N2,Vibrational (Fundamental),Q,Stokes,0,9,1,9,607.21508,2328.363,1.38134e-32,1.38134e-32,0.0350,0.0000,0.000000,N2 FQ(9)
N2,Vibrational (Fundamental),S,Stokes,0,9,1,11,610.28272,2411.144,2.48361e-34,2.48361e-34,0.7500,0.0000,0.000000,N2 FS(9)
N2,Vibrational (Fundamental),O,Stokes,0,9,1,7,604.75370,2261.335,2.00814e-34,2.00814e-34,0.7500,0.0000,0.000000,N2 FO(9)
N2,Vibrational (Fundamental),Q,Stokes,0,10,1,10,607.20231,2328.017,2.51703e-32,2.51703e-32,0.0350,0.0000,0.000000,N2 FQ(10)
N2,Vibrational (Fundamental),S,Stokes,0,10,1,12,610.56315,2418.670,4.48620e-34,4.48620e-34,0.7500,0.0000,0.000000,N2 FS(10)
N2,Vibrational (Fundamental),O,Stokes,0,10,1,8,604.45306,2253.111,3.70272e-34,3.70272e-34,0.7500,0.0000,0.000000,N2 FO(10)
N2,Vibrational (Fundamental),Q,Stokes,0,11,1,11,607.18826,2327.636,1.11450e-32,1.11450e-32,0.0350,0.0000,0.000000,N2 FQ(11)
N2,Vibrational (Fundamental),S,Stokes,0,11,1,13,610.84242,2426.158,1.97196e-34,1.97196e-34,0.7500,0.0000,0.000000,N2 FS(11)
N2,Vibrational (Fundamental),O,Stokes,0,11,1,9,604.15156,2244.855,1.65534e-34,1.65534e-34,0.7500,0.0000,0.000000,N2 FO(11)
N2,Vibrational (Fundamental),Q,Stokes,0,12,1,12,607.17293,2327.220,1.92157e-32,1.92157e-32,0.0350,0.0000,0.000000,N2 FQ(12)
N2,Vibrational (Fundamental),S,Stokes,0,12,1,14,611.12053,2433.608,3.37899e-34,3.37899e-34,0.7500,0.0000,0.000000,N2 FS(12)
N2,Vibrational (Fundamental),O,Stokes,0,12,1,10,603.84920,2236.567,2.87691e-34,2.87691e-34,0.7500,0.0000,0.000000,N2 FO(12)
N2,Vibrational (Fundamental),Q,Stokes,0,13,1,13,607.15633,2326.770,8.07258e-33,8.07258e-33,0.0350,0.0000,0.000000,N2 FQ(13)
N2,Vibrational (Fundamental),S,Stokes,0,13,1,15,611.39745,2441.020,1.41200e-34,1.41200e-34,0.7500,0.0000,0.000000,N2 FS(13)
N2,Vibrational (Fundamental),O,Stokes,0,13,1,11,603.54600,2228.247,1.21674e-34,1.21674e-34,0.7500,0.0000,0.000000,N2 FO(13)
N2,Vibrational (Fundamental),Q,Stokes,0,14,1,14,607.13845,2326.285,1.32334e-32,1.32334e-32,0.0350,0.0000,0.000000,N2 FQ(14)
N2,Vibrational (Fundamental),S,Stokes,0,14,1,16,611.67318,2448.393,2.30401e-34,2.30401e-34,0.7500,0.0000,0.000000,N2 FS(14)
N2,Vibrational (Fundamental),O,Stokes,0,14,1,12,603.24197,2219.897,2.00606e-34,2.00606e-34,0.7500,0.0000,0.000000,N2 FO(14)
N2,Vibrational (Fundamental),Q,Stokes,0,15,1,15,607.11930,2325.765,5.29459e-33,5.29459e-33,0.0350,0.0000,0.000000,N2 FQ(15)
N2,Vibrational (Fundamental),S,Stokes,0,15,1,17,611.94770,2455.727,9.18098e-35,9.18098e-35,0.7500,0.0000,0.000000,N2 FS(15)
N2,Vibrational (Fundamental),O,Stokes,0,15,1,13,602.93712,2211.515,8.06595e-35,8.06595e-35,0.7500,0.0000,0.000000,N2 FO(15)
N2,Vibrational (Fundamental),Q,Stokes,0,16,1,16,607.09887,2325.211,8.27718e-33,8.27718e-33,0.0350,0.0000,0.000000,N2 FQ(16)
N2,Vibrational (Fundamental),S,Stokes,0,16,1,18,612.22100,2463.022,1.43016e-34,1.43016e-34,0.7500,0.0000,0.000000,N2 FS(16)
N2,Vibrational (Fundamental),O,Stokes,0,16,1,14,602.63147,2203.103,1.26643e-34,1.26643e-34,0.7500,0.0000,0.000000,N2 FO(16)
N2,Vibrational (Fundamental),Q,Stokes,0,17,1,17,607.07717,2324.622,3.16168e-33,3.16168e-33,0.0350,0.0000,0.000000,N2 FQ(17)
N2,Vibrational (Fundamental),S,Stokes,0,17,1,19,612.49306,2470.277,5.44550e-35,5.44550e-35,0.7500,0.0000,0.000000,N2 FS(17)
N2,Vibrational (Fundamental),O,Stokes,0,17,1,15,602.32502,2194.660,4.85589e-35,4.85589e-35,0.7500,0.0000,0.000000,N2 FO(17)
N2,Vibrational (Fundamental),Q,Stokes,0,18,1,18,607.05419,2323.999,4.72327e-33,4.72327e-33,0.0350,0.0000,0.000000,N2 FQ(18)
N2,Vibrational (Fundamental),S,Stokes,0,18,1,20,612.76387,2477.492,8.11191e-35,8.11191e-35,0.7500,0.0000,0.000000,N2 FS(18)
N2,Vibrational (Fundamental),O,Stokes,0,18,1,16,602.01780,2186.188,7.27876e-35,7.27876e-35,0.7500,0.0000,0.000000,N2 FO(18)
N2,Vibrational (Fundamental),Q,Stokes,0,19,1,19,607.02994,2323.340,1.72540e-33,1.72540e-33,0.0350,0.0000,0.000000,N2 FQ(19)
N2,Vibrational (Fundamental),S,Stokes,0,19,1,21,613.03342,2484.668,2.95566e-35,2.95566e-35,0.7500,0.0000,0.000000,N2 FS(19)
N2,Vibrational (Fundamental),O,Stokes,0,19,1,17,601.70981,2177.686,2.66694e-35,2.66694e-35,0.7500,0.0000,0.000000,N2 FO(19)
N2,Vibrational (Fundamental),Q,Stokes,0,20,1,20,607.00441,2322.648,2.46669e-33,2.46669e-33,0.0350,0.0000,0.000000,N2 FQ(20)
N2,Vibrational (Fundamental),S,Stokes,0,20,1,22,613.30168,2491.803,4.21568e-35,4.21568e-35,0.7500,0.0000,0.000000,N2 FS(20)
N2,Vibrational (Fundamental),O,Stokes,0,20,1,18,601.40107,2169.154,3.82308e-35,3.82308e-35,0.7500,0.0000,0.000000,N2 FO(20)
N2,Vibrational (Fundamental),Q,Stokes,0,21,1,21,606.97761,2321.920,8.62798e-34,8.62798e-34,0.0350,0.0000,0.000000,N2 FQ(21)
N2,Vibrational (Fundamental),S,Stokes,0,21,1,23,613.56866,2498.898,1.47144e-35,1.47144e-35,0.7500,0.0000,0.000000,N2 FS(21)
N2,Vibrational (Fundamental),O,Stokes,0,21,1,19,601.09158,2160.593,1.34051e-35,1.34051e-35,0.7500,0.0000,0.000000,N2 FO(21)
N2,Vibrational (Fundamental),Q,Stokes,0,22,1,22,606.94953,2321.158,1.18167e-33,1.18167e-33,0.0350,0.0000,0.000000,N2 FQ(22)
N2,Vibrational (Fundamental),S,Stokes,0,22,1,24,613.83432,2505.952,2.01135e-35,2.01135e-35,0.7500,0.0000,0.000000,N2 FS(22)
N2,Vibrational (Fundamental),O,Stokes,0,22,1,20,600.78137,2152.002,1.84001e-35,1.84001e-35,0.7500,0.0000,0.000000,N2 FO(22)
N2,Vibrational (Fundamental),Q,Stokes,0,23,1,23,606.92018,2320.361,3.96133e-34,3.96133e-34,0.0350,0.0000,0.000000,N2 FQ(23)
N2,Vibrational (Fundamental),S,Stokes,0,23,1,25,614.09867,2512.964,6.73072e-36,6.73072e-36,0.7500,0.0000,0.000000,N2 FS(23)
N2,Vibrational (Fundamental),O,Stokes,0,23,1,21,600.47045,2143.384,6.18080e-36,6.18080e-36,0.7500,0.0000,0.000000,N2 FO(23)
N2,Vibrational (Fundamental),Q,Stokes,0,24,1,24,606.88956,2319.530,5.20168e-34,5.20168e-34,0.0350,0.0000,0.000000,N2 FQ(24)
N2,Vibrational (Fundamental),S,Stokes,0,24,1,26,614.36168,2519.936,8.82378e-36,8.82378e-36,0.7500,0.0000,0.000000,N2 FS(24)
N2,Vibrational (Fundamental),O,Stokes,0,24,1,22,600.15882,2134.736,8.13116e-36,8.13116e-36,0.7500,0.0000,0.000000,N2 FO(24)
N2,Vibrational (Fundamental),Q,Stokes,0,25,1,25,606.85767,2318.664,1.67246e-34,1.67246e-34,0.0350,0.0000,0.000000,N2 FQ(25)
N2,Vibrational (Fundamental),S,Stokes,0,25,1,27,614.62334,2526.865,2.83276e-36,2.83276e-36,0.7500,0.0000,0.000000,N2 FS(25)
N2,Vibrational (Fundamental),O,Stokes,0,25,1,23,599.84651,2126.061,2.61881e-36,2.61881e-36,0.7500,0.0000,0.000000,N2 FO(25)
N2,Vibrational (Fundamental),Q,Stokes,0,26,1,26,606.82450,2317.763,2.10696e-34,2.10696e-34,0.0350,0.0000,0.000000,N2 FQ(26)
N2,Vibrational (Fundamental),S,Stokes,0,26,1,28,614.88364,2533.753,3.56372e-36,3.56372e-36,0.7500,0.0000,0.000000,N2 FS(26)
N2,Vibrational (Fundamental),O,Stokes,0,26,1,24,599.53351,2117.358,3.30436e-36,3.30436e-36,0.7500,0.0000,0.000000,N2 FO(26)
N2,Vibrational (Fundamental),Q,Stokes,0,27,1,27,606.79006,2316.828,6.50109e-35,6.50109e-35,0.0350,0.0000,0.000000,N2 FQ(27)
N2,Vibrational (Fundamental),S,Stokes,0,27,1,29,615.14255,2540.598,1.09817e-36,1.09817e-36,0.7500,0.0000,0.000000,N2 FS(27)
N2,Vibrational (Fundamental),O,Stokes,0,27,1,25,599.21986,2108.627,1.02105e-36,1.02105e-36,0.7500,0.0000,0.000000,N2 FO(27)
N2,Vibrational (Fundamental),Q,Stokes,0,28,1,28,606.75435,2315.858,7.86168e-35,7.86168e-35,0.0350,0.0000,0.000000,N2 FQ(28)
N2,Vibrational (Fundamental),S,Stokes,0,28,1,30,615.40008,2547.401,1.32639e-36,1.32639e-36,0.7500,0.0000,0.000000,N2 FS(28)
N2,Vibrational (Fundamental),O,Stokes,0,28,1,26,598.90555,2099.869,1.23641e-36,1.23641e-36,0.7500,0.0000,0.000000,N2 FO(28)
N2,Vibrational (Fundamental),Q,Stokes,0,29,1,29,606.71737,2314.854,2.32902e-35,2.32902e-35,0.0350,0.0000,0.000000,N2 FQ(29)
N2,Vibrational (Fundamental),S,Stokes,0,29,1,31,615.65620,2554.161,3.92498e-37,3.92498e-37,0.7500,0.0000,0.000000,N2 FS(29)
N2,Vibrational (Fundamental),O,Stokes,0,29,1,27,598.59060,2091.084,3.66746e-37,3.66746e-37,0.7500,0.0000,0.000000,N2 FO(29)
N2,Vibrational (Fundamental),Q,Stokes,0,30,1,30,606.67912,2313.814,2.70472e-35,2.70472e-35,0.0350,0.0000,0.000000,N2 FQ(30)
N2,Vibrational (Fundamental),S,Stokes,0,30,1,32,615.91090,2560.878,4.55330e-37,4.55330e-37,0.7500,0.0000,0.000000,N2 FS(30)
N2,Vibrational (Fundamental),O,Stokes,0,30,1,28,598.27503,2082.272,4.26405e-37,4.26405e-37,0.7500,0.0000,0.000000,N2 FO(30)
N2,Vibrational (Fundamental),Q,Stokes,0,31,1,31,606.63960,2312.741,7.69633e-36,7.69633e-36,0.0350,0.0000,0.000000,N2 FQ(31)
N2,Vibrational (Fundamental),S,Stokes,0,31,1,33,616.16416,2567.551,1.29437e-37,1.29437e-37,0.7500,0.0000,0.000000,N2 FS(31)
N2,Vibrational (Fundamental),O,Stokes,0,31,1,29,597.95884,2073.433,1.21467e-37,1.21467e-37,0.7500,0.0000,0.000000,N2 FO(31)
N2,Vibrational (Fundamental),Q,Stokes,0,32,1,32,606.59881,2311.632,8.58651e-36,8.58651e-36,0.0350,0.0000,0.000000,N2 FQ(32)
N2,Vibrational (Fundamental),S,Stokes,0,32,1,34,616.41598,2574.181,1.44273e-37,1.44273e-37,0.7500,0.0000,0.000000,N2 FS(32)
N2,Vibrational (Fundamental),O,Stokes,0,32,1,30,597.64205,2064.569,1.35656e-37,1.35656e-37,0.7500,0.0000,0.000000,N2 FO(32)
N2,Vibrational (Fundamental),Q,Stokes,0,33,1,33,606.55675,2310.489,2.34767e-36,2.34767e-36,0.0350,0.0000,0.000000,N2 FQ(33)
N2,Vibrational (Fundamental),S,Stokes,0,33,1,35,616.66633,2580.767,3.94115e-38,3.94115e-38,0.7500,0.0000,0.000000,N2 FS(33)
N2,Vibrational (Fundamental),O,Stokes,0,33,1,31,597.32467,2055.678,3.71258e-38,3.71258e-38,0.7500,0.0000,0.000000,N2 FO(33)
N2,Vibrational (Fundamental),Q,Stokes,0,34,1,34,606.51342,2309.311,2.51708e-36,2.51708e-36,0.0350,0.0000,0.000000,N2 FQ(34)
N2,Vibrational (Fundamental),S,Stokes,0,34,1,36,616.91520,2587.309,4.22206e-38,4.22206e-38,0.7500,0.0000,0.000000,N2 FS(34)
N2,Vibrational (Fundamental),O,Stokes,0,34,1,32,597.00671,2046.762,3.98410e-38,3.98410e-38,0.7500,0.0000,0.000000,N2 FO(34)
N2,Vibrational (Fundamental),Q,Stokes,0,35,1,35,606.46883,2308.099,6.61472e-37,6.61472e-37,0.0350,0.0000,0.000000,N2 FQ(35)
N2,Vibrational (Fundamental),S,Stokes,0,35,1,37,617.16259,2593.807,1.10866e-38,1.10866e-38,0.7500,0.0000,0.000000,N2 FS(35)
N2,Vibrational (Fundamental),O,Stokes,0,35,1,33,596.68818,2037.820,1.04789e-38,1.04789e-38,0.7500,0.0000,0.000000,N2 FO(35)
N2,Vibrational (Fundamental),Q,Stokes,0,36,1,36,606.42296,2306.852,6.81755e-37,6.81755e-37,0.0350,0.0000,0.000000,N2 FQ(36)
N2,Vibrational (Fundamental),S,Stokes,0,36,1,38,617.40846,2600.259,1.14181e-38,1.14181e-38,0.7500,0.0000,0.000000,N2 FS(36)
N2,Vibrational (Fundamental),O,Stokes,0,36,1,34,596.36911,2028.854,1.08089e-38,1.08089e-38,0.7500,0.0000,0.000000,N2 FO(36)
N2,Vibrational (Fundamental),Q,Stokes,0,37,1,37,606.37583,2305.570,1.72249e-37,1.72249e-37,0.0350,0.0000,0.000000,N2 FQ(37)
N2,Vibrational (Fundamental),S,Stokes,0,37,1,39,617.65281,2606.667,2.88282e-39,2.88282e-39,0.7500,0.0000,0.000000,N2 FS(37)
N2,Vibrational (Fundamental),O,Stokes,0,37,1,35,596.04949,2019.862,2.73301e-39,2.73301e-39,0.7500,0.0000,0.000000,N2 FO(37)
N2,Vibrational (Fundamental),Q,Stokes,0,38,1,38,606.32744,2304.254,1.70706e-37,1.70706e-37,0.0350,0.0000,0.000000,N2 FQ(38)
N2,Vibrational (Fundamental),S,Stokes,0,38,1,40,617.89563,2613.030,2.85508e-39,2.85508e-39,0.7500,0.0000,0.000000,N2 FS(38)
N2,Vibrational (Fundamental),O,Stokes,0,38,1,36,595.72934,2010.846,2.71047e-39,2.71047e-39,0.7500,0.0000,0.000000,N2 FO(38)
N2,Vibrational (Fundamental),Q,Stokes,0,39,1,39,606.27778,2302.903,4.14768e-38,4.14768e-38,0.0350,0.0000,0.000000,N2 FQ(39)
N2,Vibrational (Fundamental),S,Stokes,0,39,1,41,618.13690,2619.346,6.93266e-40,6.93266e-40,0.7500,0.0000,0.000000,N2 FS(39)
N2,Vibrational (Fundamental),O,Stokes,0,39,1,37,595.40868,2001.806,6.59020e-40,6.59020e-40,0.7500,0.0000,0.000000,N2 FO(39)
N2,Vibrational (Fundamental),Q,Stokes,0,40,1,40,606.22685,2301.517,3.95345e-38,3.95345e-38,0.0350,0.0000,0.000000,N2 FQ(40)
N2,Vibrational (Fundamental),S,Stokes,0,40,1,42,618.37660,2625.617,6.60403e-40,6.60403e-40,0.7500,0.0000,0.000000,N2 FS(40)
N2,Vibrational (Fundamental),O,Stokes,0,40,1,38,595.08751,1992.741,6.28567e-40,6.28567e-40,0.7500,0.0000,0.000000,N2 FO(40)
N2,Vibrational (Hot Band),Q,Stokes,1,0,2,0,606.21791,2301.274,8.42105e-38,8.42105e-38,0.0350,0.0000,0.000000,N2 HQ(0)
N2,Vibrational (Hot Band),S,Stokes,1,0,2,2,606.64927,2313.003,3.66133e-39,3.66133e-39,0.7500,0.0000,0.000000,N2 HS(0)
N2,Vibrational (Hot Band),Q,Stokes,1,1,2,1,606.21664,2301.239,1.23918e-37,1.23918e-37,0.0350,0.0000,0.000000,N2 HQ(1)
N2,Vibrational (Hot Band),S,Stokes,1,1,2,3,606.93590,2320.788,3.23265e-39,3.23265e-39,0.7500,0.0000,0.000000,N2 HS(1)
N2,Vibrational (Hot Band),Q,Stokes,1,2,2,2,606.21409,2301.170,3.97529e-37,3.97529e-37,0.0350,0.0000,0.000000,N2 HQ(2)
N2,Vibrational (Hot Band),S,Stokes,1,2,2,4,607.22149,2328.537,8.88885e-39,8.88885e-39,0.7500,0.0000,0.000000,N2 HS(2)
N2,Vibrational (Hot Band),O,Stokes,1,2,2,0,605.78335,2289.441,3.45677e-39,3.45677e-39,0.7500,0.0000,0.000000,N2 HO(2)
N2,Vibrational (Hot Band),Q,Stokes,1,3,2,3,606.21027,2301.066,2.62724e-37,2.62724e-37,0.0350,0.0000,0.000000,N2 HQ(3)
N2,Vibrational (Hot Band),S,Stokes,1,3,2,5,607.50604,2336.251,5.43943e-39,5.43943e-39,0.7500,0.0000,0.000000,N2 HS(3)
N2,Vibrational (Hot Band),O,Stokes,1,3,2,1,605.49273,2281.518,2.93729e-39,2.93729e-39,0.7500,0.0000,0.000000,N2 HO(3)
N2,Vibrational (Hot Band),Q,Stokes,1,4,2,4,606.20518,2300.928,6.25731e-37,6.25731e-37,0.0350,0.0000,0.000000,N2 HQ(4)
N2,Vibrational (Hot Band),S,Stokes,1,4,2,6,607.78953,2343.928,1.23662e-38,1.23662e-38,0.7500,0.0000,0.000000,N2 HS(4)
N2,Vibrational (Hot Band),O,Stokes,1,4,2,2,605.20115,2273.561,7.77305e-39,7.77305e-39,0.7500,0.0000,0.000000,N2 HO(4)
N2,Vibrational (Hot Band),Q,Stokes,1,5,2,5,606.19882,2300.754,3.47457e-37,3.47457e-37,0.0350,0.0000,0.000000,N2 HQ(5)
N2,Vibrational (Hot Band),S,Stokes,1,5,2,7,608.07194,2351.570,6.65545e-39,6.65545e-39,0.7500,0.0000,0.000000,N2 HS(5)
N2,Vibrational (Hot Band),O,Stokes,1,5,2,3,604.90862,2265.570,4.57782e-39,4.57782e-39,0.7500,0.0000,0.000000,N2 HO(5)
N2,Vibrational (Hot Band),Q,Stokes,1,6,2,6,606.19118,2300.547,7.32076e-37,7.32076e-37,0.0350,0.0000,0.000000,N2 HQ(6)
N2,Vibrational (Hot Band),S,Stokes,1,6,2,8,608.35327,2359.175,1.37111e-38,1.37111e-38,0.7500,0.0000,0.000000,N2 HS(6)
N2,Vibrational (Hot Band),O,Stokes,1,6,2,4,604.61515,2257.546,1.00162e-38,1.00162e-38,0.7500,0.0000,0.000000,N2 HO(6)
N2,Vibrational (Hot Band),Q,Stokes,1,7,2,7,606.18227,2300.304,3.69345e-37,3.69345e-37,0.0350,0.0000,0.000000,N2 HQ(7)
N2,Vibrational (Hot Band),S,Stokes,1,7,2,9,608.63350,2366.743,6.80124e-39,6.80124e-39,0.7500,0.0000,0.000000,N2 HS(7)
N2,Vibrational (Hot Band),O,Stokes,1,7,2,5,604.32075,2249.489,5.18812e-39,5.18812e-39,0.7500,0.0000,0.000000,N2 HO(7)
N2,Vibrational (Hot Band),Q,Stokes,1,8,2,8,606.17209,2300.027,7.18231e-37,7.18231e-37,0.0350,0.0000,0.000000,N2 HQ(8)
N2,Vibrational (Hot Band),S,Stokes,1,8,2,10,608.91262,2374.275,1.30517e-38,1.30517e-38,0.7500,0.0000,0.000000,N2 HS(8)
N2,Vibrational (Hot Band),O,Stokes,1,8,2,6,604.02544,2241.398,1.02867e-38,1.02867e-38,0.7500,0.0000,0.000000,N2 HO(8)
N2,Vibrational (Hot Band),Q,Stokes,1,9,2,9,606.16063,2299.715,3.37808e-37,3.37808e-37,0.0350,0.0000,0.000000,N2 HQ(9)
N2,Vibrational (Hot Band),S,Stokes,1,9,2,11,609.19061,2381.769,6.07370e-39,6.07370e-39,0.7500,0.0000,0.000000,N2 HS(9)
N2,Vibrational (Hot Band),O,Stokes,1,9,2,7,603.72924,2233.276,4.91093e-39,4.91093e-39,0.7500,0.0000,0.000000,N2 HO(9)
N2,Vibrational (Hot Band),Q,Stokes,1,10,2,10,606.14790,2299.369,6.16579e-37,6.16579e-37,0.0350,0.0000,0.000000,N2 HQ(10)
N2,Vibrational (Hot Band),S,Stokes,1,10,2,12,609.46746,2389.226,1.09895e-38,1.09895e-38,0.7500,0.0000,0.000000,N2 HS(10)
N2,Vibrational (Hot Band),O,Stokes,1,10,2,8,603.43214,2225.121,9.07030e-39,9.07030e-39,0.7500,0.0000,0.000000,N2 HO(10)
N2,Vibrational (Hot Band),Q,Stokes,1,11,2,11,606.13390,2298.988,2.73516e-37,2.73516e-37,0.0350,0.0000,0.000000,N2 HQ(11)
N2,Vibrational (Hot Band),S,Stokes,1,11,2,13,609.74315,2396.644,4.83953e-39,4.83953e-39,0.7500,0.0000,0.000000,N2 HS(11)
N2,Vibrational (Hot Band),O,Stokes,1,11,2,9,603.13418,2216.934,4.06249e-39,4.06249e-39,0.7500,0.0000,0.000000,N2 HO(11)
N2,Vibrational (Hot Band),Q,Stokes,1,12,2,12,606.11863,2298.572,4.72539e-37,4.72539e-37,0.0350,0.0000,0.000000,N2 HQ(12)
N2,Vibrational (Hot Band),S,Stokes,1,12,2,14,610.01768,2404.025,8.30938e-39,8.30938e-39,0.7500,0.0000,0.000000,N2 HS(12)
N2,Vibrational (Hot Band),O,Stokes,1,12,2,10,602.83536,2208.715,7.07468e-39,7.07468e-39,0.7500,0.0000,0.000000,N2 HO(12)
N2,Vibrational (Hot Band),Q,Stokes,1,13,2,13,606.10209,2298.122,1.98950e-37,1.98950e-37,0.0350,0.0000,0.000000,N2 HQ(13)
N2,Vibrational (Hot Band),S,Stokes,1,13,2,15,610.29103,2411.367,3.47989e-39,3.47989e-39,0.7500,0.0000,0.000000,N2 HS(13)
N2,Vibrational (Hot Band),O,Stokes,1,13,2,11,602.53569,2200.465,2.99867e-39,2.99867e-39,0.7500,0.0000,0.000000,N2 HO(13)
N2,Vibrational (Hot Band),Q,Stokes,1,14,2,14,606.08427,2297.637,3.26908e-37,3.26908e-37,0.0350,0.0000,0.000000,N2 HQ(14)
N2,Vibrational (Hot Band),S,Stokes,1,14,2,16,610.56318,2418.671,5.69167e-39,5.69167e-39,0.7500,0.0000,0.000000,N2 HS(14)
N2,Vibrational (Hot Band),O,Stokes,1,14,2,12,602.23519,2192.184,4.95562e-39,4.95562e-39,0.7500,0.0000,0.000000,N2 HO(14)
N2,Vibrational (Hot Band),Q,Stokes,1,15,2,15,606.06519,2297.117,1.31124e-37,1.31124e-37,0.0350,0.0000,0.000000,N2 HQ(15)
N2,Vibrational (Hot Band),S,Stokes,1,15,2,17,610.83412,2425.936,2.27374e-39,2.27374e-39,0.7500,0.0000,0.000000,N2 HS(15)
N2,Vibrational (Hot Band),O,Stokes,1,15,2,13,601.93386,2183.872,1.99759e-39,1.99759e-39,0.7500,0.0000,0.000000,N2 HO(15)
N2,Vibrational (Hot Band),Q,Stokes,1,16,2,16,606.04483,2296.563,2.05543e-37,2.05543e-37,0.0350,0.0000,0.000000,N2 HQ(16)
N2,Vibrational (Hot Band),S,Stokes,1,16,2,18,611.10383,2433.161,3.55145e-39,3.55145e-39,0.7500,0.0000,0.000000,N2 HS(16)
N2,Vibrational (Hot Band),O,Stokes,1,16,2,14,601.63173,2175.529,3.14486e-39,3.14486e-39,0.7500,0.0000,0.000000,N2 HO(16)
N2,Vibrational (Hot Band),Q,Stokes,1,17,2,17,606.02320,2295.974,7.87374e-38,7.87374e-38,0.0350,0.0000,0.000000,N2 HQ(17)
N2,Vibrational (Hot Band),S,Stokes,1,17,2,19,611.37231,2440.347,1.35613e-39,1.35613e-39,0.7500,0.0000,0.000000,N2 HS(17)
N2,Vibrational (Hot Band),O,Stokes,1,17,2,15,601.32881,2167.156,1.20929e-39,1.20929e-39,0.7500,0.0000,0.000000,N2 HO(17)
N2,Vibrational (Hot Band),Q,Stokes,1,18,2,18,606.00030,2295.351,1.17983e-37,1.17983e-37,0.0350,0.0000,0.000000,N2 HQ(18)
N2,Vibrational (Hot Band),S,Stokes,1,18,2,20,611.63954,2447.494,2.02629e-39,2.02629e-39,0.7500,0.0000,0.000000,N2 HS(18)
N2,Vibrational (Hot Band),O,Stokes,1,18,2,16,601.02510,2158.752,1.81818e-39,1.81818e-39,0.7500,0.0000,0.000000,N2 HO(18)
N2,Vibrational (Hot Band),Q,Stokes,1,19,2,19,605.97613,2294.692,4.32372e-38,4.32372e-38,0.0350,0.0000,0.000000,N2 HQ(19)
N2,Vibrational (Hot Band),S,Stokes,1,19,2,21,611.90550,2454.600,7.40665e-40,7.40665e-40,0.7500,0.0000,0.000000,N2 HS(19)
N2,Vibrational (Hot Band),O,Stokes,1,19,2,17,600.72063,2150.319,6.68314e-40,6.68314e-40,0.7500,0.0000,0.000000,N2 HO(19)
N2,Vibrational (Hot Band),Q,Stokes,1,20,2,20,605.95069,2294.000,6.20217e-38,6.20217e-38,0.0350,0.0000,0.000000,N2 HQ(20)
N2,Vibrational (Hot Band),S,Stokes,1,20,2,22,612.17019,2461.666,1.05998e-39,1.05998e-39,0.7500,0.0000,0.000000,N2 HS(20)
N2,Vibrational (Hot Band),O,Stokes,1,20,2,18,600.41540,2141.857,9.61262e-40,9.61262e-40,0.7500,0.0000,0.000000,N2 HO(20)
N2,Vibrational (Hot Band),Q,Stokes,1,21,2,21,605.92399,2293.272,2.17707e-38,2.17707e-38,0.0350,0.0000,0.000000,N2 HQ(21)
N2,Vibrational (Hot Band),S,Stokes,1,21,2,23,612.43358,2468.691,3.71284e-40,3.71284e-40,0.7500,0.0000,0.000000,N2 HS(21)
N2,Vibrational (Hot Band),O,Stokes,1,21,2,19,600.10942,2133.365,3.38247e-40,3.38247e-40,0.7500,0.0000,0.000000,N2 HO(21)
N2,Vibrational (Hot Band),Q,Stokes,1,22,2,22,605.89601,2292.510,2.99273e-38,2.99273e-38,0.0350,0.0000,0.000000,N2 HQ(22)
N2,Vibrational (Hot Band),S,Stokes,1,22,2,24,612.69566,2475.676,5.09400e-40,5.09400e-40,0.7500,0.0000,0.000000,N2 HS(22)
N2,Vibrational (Hot Band),O,Stokes,1,22,2,20,599.80272,2124.844,4.66006e-40,4.66006e-40,0.7500,0.0000,0.000000,N2 HO(22)
N2,Vibrational (Hot Band),Q,Stokes,1,23,2,23,605.86676,2291.713,1.00715e-38,1.00715e-38,0.0350,0.0000,0.000000,N2 HQ(23)
N2,Vibrational (Hot Band),S,Stokes,1,23,2,25,612.95642,2482.619,1.71125e-40,1.71125e-40,0.7500,0.0000,0.000000,N2 HS(23)
N2,Vibrational (Hot Band),O,Stokes,1,23,2,21,599.49529,2116.294,1.57144e-40,1.57144e-40,0.7500,0.0000,0.000000,N2 HO(23)
N2,Vibrational (Hot Band),Q,Stokes,1,24,2,24,605.83625,2290.882,1.32786e-38,1.32786e-38,0.0350,0.0000,0.000000,N2 HQ(24)
N2,Vibrational (Hot Band),S,Stokes,1,24,2,26,613.21585,2489.521,2.25248e-40,2.25248e-40,0.7500,0.0000,0.000000,N2 HS(24)
N2,Vibrational (Hot Band),O,Stokes,1,24,2,22,599.18717,2107.716,2.07568e-40,2.07568e-40,0.7500,0.0000,0.000000,N2 HO(24)
N2,Vibrational (Hot Band),Q,Stokes,1,25,2,25,605.80446,2290.016,4.28735e-39,4.28735e-39,0.0350,0.0000,0.000000,N2 HQ(25)
N2,Vibrational (Hot Band),S,Stokes,1,25,2,27,613.47393,2496.381,7.26179e-41,7.26179e-41,0.7500,0.0000,0.000000,N2 HS(25)
N2,Vibrational (Hot Band),O,Stokes,1,25,2,23,598.87835,2099.110,6.71332e-41,6.71332e-41,0.7500,0.0000,0.000000,N2 HO(25)
N2,Vibrational (Hot Band),Q,Stokes,1,26,2,26,605.77141,2289.115,5.42489e-39,5.42489e-39,0.0350,0.0000,0.000000,N2 HQ(26)
N2,Vibrational (Hot Band),S,Stokes,1,26,2,28,613.73064,2503.199,9.17567e-41,9.17567e-41,0.7500,0.0000,0.000000,N2 HS(26)
N2,Vibrational (Hot Band),O,Stokes,1,26,2,24,598.56884,2090.476,8.50789e-41,8.50789e-41,0.7500,0.0000,0.000000,N2 HO(26)
N2,Vibrational (Hot Band),Q,Stokes,1,27,2,27,605.73709,2288.180,1.68149e-39,1.68149e-39,0.0350,0.0000,0.000000,N2 HQ(27)
N2,Vibrational (Hot Band),S,Stokes,1,27,2,29,613.98598,2509.976,2.84037e-41,2.84037e-41,0.7500,0.0000,0.000000,N2 HS(27)
N2,Vibrational (Hot Band),O,Stokes,1,27,2,25,598.25868,2081.815,2.64092e-41,2.64092e-41,0.7500,0.0000,0.000000,N2 HO(27)
N2,Vibrational (Hot Band),Q,Stokes,1,28,2,28,605.70151,2287.210,2.04301e-39,2.04301e-39,0.0350,0.0000,0.000000,N2 HQ(28)
N2,Vibrational (Hot Band),S,Stokes,1,28,2,30,614.23992,2516.709,3.44687e-41,3.44687e-41,0.7500,0.0000,0.000000,N2 HS(28)
N2,Vibrational (Hot Band),O,Stokes,1,28,2,26,597.94785,2073.126,3.21305e-41,3.21305e-41,0.7500,0.0000,0.000000,N2 HO(28)
N2,Vibrational (Hot Band),Q,Stokes,1,29,2,29,605.66465,2286.206,6.08200e-40,6.08200e-40,0.0350,0.0000,0.000000,N2 HQ(29)
N2,Vibrational (Hot Band),S,Stokes,1,29,2,31,614.49246,2523.400,1.02497e-41,1.02497e-41,0.7500,0.0000,0.000000,N2 HS(29)
N2,Vibrational (Hot Band),O,Stokes,1,29,2,27,597.63638,2064.410,9.57721e-42,9.57721e-42,0.7500,0.0000,0.000000,N2 HO(29)
N2,Vibrational (Hot Band),Q,Stokes,1,30,2,30,605.62653,2285.166,7.09885e-40,7.09885e-40,0.0350,0.0000,0.000000,N2 HQ(30)
N2,Vibrational (Hot Band),S,Stokes,1,30,2,32,614.74358,2530.047,1.19507e-41,1.19507e-41,0.7500,0.0000,0.000000,N2 HS(30)
N2,Vibrational (Hot Band),O,Stokes,1,30,2,28,597.32429,2055.667,1.11915e-41,1.11915e-41,0.7500,0.0000,0.000000,N2 HO(30)
N2,Vibrational (Hot Band),Q,Stokes,1,31,2,31,605.58715,2284.093,2.03056e-40,2.03056e-40,0.0350,0.0000,0.000000,N2 HQ(31)
N2,Vibrational (Hot Band),S,Stokes,1,31,2,33,614.99326,2536.652,3.41499e-42,3.41499e-42,0.7500,0.0000,0.000000,N2 HS(31)
N2,Vibrational (Hot Band),O,Stokes,1,31,2,29,597.01157,2046.898,3.20473e-42,3.20473e-42,0.7500,0.0000,0.000000,N2 HO(31)
N2,Vibrational (Hot Band),Q,Stokes,1,32,2,32,605.54650,2282.984,2.27765e-40,2.27765e-40,0.0350,0.0000,0.000000,N2 HQ(32)
N2,Vibrational (Hot Band),S,Stokes,1,32,2,34,615.24150,2543.212,3.82698e-42,3.82698e-42,0.7500,0.0000,0.000000,N2 HS(32)
N2,Vibrational (Hot Band),O,Stokes,1,32,2,30,596.69825,2038.103,3.59839e-42,3.59839e-42,0.7500,0.0000,0.000000,N2 HO(32)
N2,Vibrational (Hot Band),Q,Stokes,1,33,2,33,605.50459,2281.841,6.26209e-41,6.26209e-41,0.0350,0.0000,0.000000,N2 HQ(33)
N2,Vibrational (Hot Band),S,Stokes,1,33,2,35,615.48827,2549.729,1.05125e-42,1.05125e-42,0.7500,0.0000,0.000000,N2 HS(33)
N2,Vibrational (Hot Band),O,Stokes,1,33,2,31,596.38433,2029.282,9.90281e-43,9.90281e-43,0.7500,0.0000,0.000000,N2 HO(33)
N2,Vibrational (Hot Band),Q,Stokes,1,34,2,34,605.46141,2280.663,6.75251e-41,6.75251e-41,0.0350,0.0000,0.000000,N2 HQ(34)
N2,Vibrational (Hot Band),S,Stokes,1,34,2,36,615.73357,2556.202,1.13264e-42,1.13264e-42,0.7500,0.0000,0.000000,N2 HS(34)
N2,Vibrational (Hot Band),O,Stokes,1,34,2,32,596.06984,2020.435,1.06880e-42,1.06880e-42,0.7500,0.0000,0.000000,N2 HO(34)
N2,Vibrational (Hot Band),Q,Stokes,1,35,2,35,605.41697,2279.451,1.78499e-41,1.78499e-41,0.0350,0.0000,0.000000,N2 HQ(35)
N2,Vibrational (Hot Band),S,Stokes,1,35,2,37,615.97738,2562.630,2.99174e-43,2.99174e-43,0.7500,0.0000,0.000000,N2 HS(35)
N2,Vibrational (Hot Band),O,Stokes,1,35,2,33,595.75477,2011.562,2.82774e-43,2.82774e-43,0.7500,0.0000,0.000000,N2 HO(35)
N2,Vibrational (Hot Band),Q,Stokes,1,36,2,36,605.37126,2278.204,1.85091e-41,1.85091e-41,0.0350,0.0000,0.000000,N2 HQ(36)
N2,Vibrational (Hot Band),S,Stokes,1,36,2,38,616.21968,2569.013,3.09991e-43,3.09991e-43,0.7500,0.0000,0.000000,N2 HS(36)
N2,Vibrational (Hot Band),O,Stokes,1,36,2,34,595.43915,2002.665,2.93453e-43,2.93453e-43,0.7500,0.0000,0.000000,N2 HO(36)
N2,Vibrational (Hot Band),Q,Stokes,1,37,2,37,605.32430,2276.922,4.70564e-42,4.70564e-42,0.0350,0.0000,0.000000,N2 HQ(37)
N2,Vibrational (Hot Band),S,Stokes,1,37,2,39,616.46046,2575.352,7.87551e-44,7.87551e-44,0.7500,0.0000,0.000000,N2 HS(37)
N2,Vibrational (Hot Band),O,Stokes,1,37,2,35,595.12298,1993.743,7.46625e-44,7.46625e-44,0.7500,0.0000,0.000000,N2 HO(37)
N2,Vibrational (Hot Band),Q,Stokes,1,38,2,38,605.27607,2275.606,4.69338e-42,4.69338e-42,0.0350,0.0000,0.000000,N2 HQ(38)
N2,Vibrational (Hot Band),S,Stokes,1,38,2,40,616.69970,2581.645,7.84976e-44,7.84976e-44,0.7500,0.0000,0.000000,N2 HS(38)
N2,Vibrational (Hot Band),O,Stokes,1,38,2,36,594.80628,1984.796,7.45217e-44,7.45217e-44,0.7500,0.0000,0.000000,N2 HO(38)
N2,Vibrational (Hot Band),Q,Stokes,1,39,2,39,605.22658,2274.255,1.14787e-42,1.14787e-42,0.0350,0.0000,0.000000,N2 HQ(39)
N2,Vibrational (Hot Band),S,Stokes,1,39,2,41,616.93740,2587.893,1.91862e-44,1.91862e-44,0.7500,0.0000,0.000000,N2 HS(39)
N2,Vibrational (Hot Band),O,Stokes,1,39,2,37,594.48906,1975.825,1.82384e-44,1.82384e-44,0.7500,0.0000,0.000000,N2 HO(39)
N2,Vibrational (Hot Band),Q,Stokes,1,40,2,40,605.17583,2272.869,1.10151e-42,1.10151e-42,0.0350,0.0000,0.000000,N2 HQ(40)
N2,Vibrational (Hot Band),S,Stokes,1,40,2,42,617.17354,2594.094,1.84002e-44,1.84002e-44,0.7500,0.0000,0.000000,N2 HS(40)
N2,Vibrational (Hot Band),O,Stokes,1,40,2,38,594.17133,1966.830,1.75131e-44,1.75131e-44,0.7500,0.0000,0.000000,N2 HO(40)
N2,Vibrational (Overtone),Q,Stokes,0,0,2,0,705.92571,4631.196,2.55945e-37,2.55945e-37,0.0350,0.0000,0.000000,N2 OQ(0)
N2,Vibrational (Overtone),S,Stokes,0,0,2,2,706.51071,4642.925,1.11280e-38,1.11280e-38,0.7500,0.0000,0.000000,N2 OS(0)
N2,Vibrational (Overtone),Q,Stokes,0,1,2,1,705.92226,4631.127,3.76567e-37,3.76567e-37,0.0350,0.0000,0.000000,N2 OQ(1)
N2,Vibrational (Overtone),S,Stokes,0,1,2,3,706.89777,4650.675,9.82349e-39,9.82349e-39,0.7500,0.0000,0.000000,N2 OS(1)
N2,Vibrational (Overtone),Q,Stokes,0,2,2,2,705.91536,4630.988,1.20762e-36,1.20762e-36,0.0350,0.0000,0.000000,N2 OQ(2)
N2,Vibrational (Overtone),S,Stokes,0,2,2,4,707.28174,4658.355,2.70027e-38,2.70027e-38,0.7500,0.0000,0.000000,N2 OS(2)
N2,Vibrational (Overtone),O,Stokes,0,2,2,0,705.33134,4619.259,1.05010e-38,1.05010e-38,0.7500,0.0000,0.000000,N2 OO(2)
N2,Vibrational (Overtone),Q,Stokes,0,3,2,3,705.90500,4630.780,7.97705e-37,7.97705e-37,0.0350,0.0000,0.000000,N2 OQ(3)
N2,Vibrational (Overtone),S,Stokes,0,3,2,5,707.66262,4665.965,1.65156e-38,1.65156e-38,0.7500,0.0000,0.000000,N2 OS(3)
N2,Vibrational (Overtone),O,Stokes,0,3,2,1,704.93223,4611.232,8.91844e-39,8.91844e-39,0.7500,0.0000,0.000000,N2 OO(3)
N2,Vibrational (Overtone),Q,Stokes,0,4,2,4,705.89119,4630.503,1.89862e-36,1.89862e-36,0.0350,0.0000,0.000000,N2 OQ(4)
N2,Vibrational (Overtone),S,Stokes,0,4,2,6,708.04037,4673.504,3.75221e-38,3.75221e-38,0.7500,0.0000,0.000000,N2 OS(4)
N2,Vibrational (Overtone),O,Stokes,0,4,2,2,704.53017,4603.136,2.35853e-38,2.35853e-38,0.7500,0.0000,0.000000,N2 OO(4)
N2,Vibrational (Overtone),Q,Stokes,0,5,2,5,705.87393,4630.157,1.05338e-36,1.05338e-36,0.0350,0.0000,0.000000,N2 OQ(5)
N2,Vibrational (Overtone),S,Stokes,0,5,2,7,708.41497,4680.972,2.01772e-38,2.01772e-38,0.7500,0.0000,0.000000,N2 OS(5)
N2,Vibrational (Overtone),O,Stokes,0,5,2,3,704.12518,4594.972,1.38785e-38,1.38785e-38,0.7500,0.0000,0.000000,N2 OO(5)
N2,Vibrational (Overtone),Q,Stokes,0,6,2,6,705.85322,4629.741,2.21718e-36,2.21718e-36,0.0350,0.0000,0.000000,N2 OQ(6)
N2,Vibrational (Overtone),S,Stokes,0,6,2,8,708.78640,4688.370,4.15259e-38,4.15259e-38,0.7500,0.0000,0.000000,N2 OS(6)
N2,Vibrational (Overtone),O,Stokes,0,6,2,4,703.71728,4586.740,3.03354e-38,3.03354e-38,0.7500,0.0000,0.000000,N2 OO(6)
N2,Vibrational (Overtone),Q,Stokes,0,7,2,7,705.82906,4629.256,1.11729e-36,1.11729e-36,0.0350,0.0000,0.000000,N2 OQ(7)
N2,Vibrational (Overtone),S,Stokes,0,7,2,9,709.15463,4695.696,2.05742e-38,2.05742e-38,0.7500,0.0000,0.000000,N2 OS(7)
N2,Vibrational (Overtone),O,Stokes,0,7,2,5,703.30650,4578.441,1.56944e-38,1.56944e-38,0.7500,0.0000,0.000000,N2 OO(7)
N2,Vibrational (Overtone),Q,Stokes,0,8,2,8,705.80145,4628.702,2.16977e-36,2.16977e-36,0.0350,0.0000,0.000000,N2 OQ(8)
N2,Vibrational (Overtone),S,Stokes,0,8,2,10,709.51963,4702.950,3.94291e-38,3.94291e-38,0.7500,0.0000,0.000000,N2 OS(8)
N2,Vibrational (Overtone),O,Stokes,0,8,2,6,702.89287,4570.073,3.10760e-38,3.10760e-38,0.7500,0.0000,0.000000,N2 OO(8)
N2,Vibrational (Overtone),Q,Stokes,0,9,2,9,705.77039,4628.078,1.01897e-36,1.01897e-36,0.0350,0.0000,0.000000,N2 OQ(9)
N2,Vibrational (Overtone),S,Stokes,0,9,2,11,709.88139,4710.132,1.83208e-38,1.83208e-38,0.7500,0.0000,0.000000,N2 OS(9)
N2,Vibrational (Overtone),O,Stokes,0,9,2,7,702.47641,4561.639,1.48134e-38,1.48134e-38,0.7500,0.0000,0.000000,N2 OO(9)
N2,Vibrational (Overtone),Q,Stokes,0,10,2,10,705.73588,4627.386,1.85673e-36,1.85673e-36,0.0350,0.0000,0.000000,N2 OQ(10)
N2,Vibrational (Overtone),S,Stokes,0,10,2,12,710.23988,4717.242,3.30932e-38,3.30932e-38,0.7500,0.0000,0.000000,N2 OS(10)
N2,Vibrational (Overtone),O,Stokes,0,10,2,8,702.05714,4553.138,2.73138e-38,2.73138e-38,0.7500,0.0000,0.000000,N2 OO(10)
N2,Vibrational (Overtone),Q,Stokes,0,11,2,11,705.69793,4626.624,8.22128e-37,8.22128e-37,0.0350,0.0000,0.000000,N2 OQ(11)
N2,Vibrational (Overtone),S,Stokes,0,11,2,13,710.59507,4724.280,1.45465e-38,1.45465e-38,0.7500,0.0000,0.000000,N2 OS(11)
N2,Vibrational (Overtone),O,Stokes,0,11,2,9,701.63510,4544.570,1.22109e-38,1.22109e-38,0.7500,0.0000,0.000000,N2 OO(11)
N2,Vibrational (Overtone),Q,Stokes,0,12,2,12,705.65653,4625.792,1.41748e-36,1.41748e-36,0.0350,0.0000,0.000000,N2 OQ(12)
N2,Vibrational (Overtone),S,Stokes,0,12,2,14,710.94693,4731.245,2.49258e-38,2.49258e-38,0.7500,0.0000,0.000000,N2 OS(12)
N2,Vibrational (Overtone),O,Stokes,0,12,2,10,701.21029,4535.935,2.12220e-38,2.12220e-38,0.7500,0.0000,0.000000,N2 OO(12)
N2,Vibrational (Overtone),Q,Stokes,0,13,2,13,705.61168,4624.892,5.95489e-37,5.95489e-37,0.0350,0.0000,0.000000,N2 OQ(13)
N2,Vibrational (Overtone),S,Stokes,0,13,2,15,711.29546,4738.137,1.04158e-38,1.04158e-38,0.7500,0.0000,0.000000,N2 OS(13)
N2,Vibrational (Overtone),O,Stokes,0,13,2,11,700.78276,4527.235,8.97548e-39,8.97548e-39,0.7500,0.0000,0.000000,N2 OO(13)
N2,Vibrational (Overtone),Q,Stokes,0,14,2,14,705.56339,4623.922,9.76183e-37,9.76183e-37,0.0350,0.0000,0.000000,N2 OQ(14)
N2,Vibrational (Overtone),S,Stokes,0,14,2,16,711.64061,4744.956,1.69960e-38,1.69960e-38,0.7500,0.0000,0.000000,N2 OS(14)
N2,Vibrational (Overtone),O,Stokes,0,14,2,12,700.35251,4518.469,1.47980e-38,1.47980e-38,0.7500,0.0000,0.000000,N2 OO(14)
N2,Vibrational (Overtone),Q,Stokes,0,15,2,15,705.51166,4622.882,3.90565e-37,3.90565e-37,0.0350,0.0000,0.000000,N2 OQ(15)
N2,Vibrational (Overtone),S,Stokes,0,15,2,17,711.98237,4751.701,6.77252e-39,6.77252e-39,0.7500,0.0000,0.000000,N2 OS(15)
N2,Vibrational (Overtone),O,Stokes,0,15,2,13,699.91958,4509.637,5.94999e-39,5.94999e-39,0.7500,0.0000,0.000000,N2 OO(15)
N2,Vibrational (Overtone),Q,Stokes,0,16,2,16,705.45649,4621.774,6.10581e-37,6.10581e-37,0.0350,0.0000,0.000000,N2 OQ(16)
N2,Vibrational (Overtone),S,Stokes,0,16,2,18,712.32071,4758.372,1.05498e-38,1.05498e-38,0.7500,0.0000,0.000000,N2 OS(16)
N2,Vibrational (Overtone),O,Stokes,0,16,2,14,699.48400,4500.740,9.34205e-39,9.34205e-39,0.7500,0.0000,0.000000,N2 OO(16)
N2,Vibrational (Overtone),Q,Stokes,0,17,2,17,705.39789,4620.596,2.33227e-37,2.33227e-37,0.0350,0.0000,0.000000,N2 OQ(17)
N2,Vibrational (Overtone),S,Stokes,0,17,2,19,712.65561,4764.969,4.01697e-39,4.01697e-39,0.7500,0.0000,0.000000,N2 OS(17)
N2,Vibrational (Overtone),O,Stokes,0,17,2,15,699.04578,4491.778,3.58203e-39,3.58203e-39,0.7500,0.0000,0.000000,N2 OO(17)
N2,Vibrational (Overtone),Q,Stokes,0,18,2,18,705.33584,4619.349,3.48420e-37,3.48420e-37,0.0350,0.0000,0.000000,N2 OQ(18)
N2,Vibrational (Overtone),S,Stokes,0,18,2,20,712.98704,4771.492,5.98390e-39,5.98390e-39,0.7500,0.0000,0.000000,N2 OS(18)
N2,Vibrational (Overtone),O,Stokes,0,18,2,16,698.60495,4482.751,5.36931e-39,5.36931e-39,0.7500,0.0000,0.000000,N2 OO(18)
N2,Vibrational (Overtone),Q,Stokes,0,19,2,19,705.27036,4618.033,1.27277e-37,1.27277e-37,0.0350,0.0000,0.000000,N2 OQ(19)
N2,Vibrational (Overtone),S,Stokes,0,19,2,21,713.31498,4777.940,2.18030e-39,2.18030e-39,0.7500,0.0000,0.000000,N2 OS(19)
N2,Vibrational (Overtone),O,Stokes,0,19,2,17,698.16153,4473.660,1.96732e-39,1.96732e-39,0.7500,0.0000,0.000000,N2 OO(19)
N2,Vibrational (Overtone),Q,Stokes,0,20,2,20,705.20145,4616.647,1.81960e-37,1.81960e-37,0.0350,0.0000,0.000000,N2 OQ(20)
N2,Vibrational (Overtone),S,Stokes,0,20,2,22,713.63940,4784.313,3.10977e-39,3.10977e-39,0.7500,0.0000,0.000000,N2 OS(20)
N2,Vibrational (Overtone),O,Stokes,0,20,2,18,697.71556,4464.504,2.82016e-39,2.82016e-39,0.7500,0.0000,0.000000,N2 OO(20)
N2,Vibrational (Overtone),Q,Stokes,0,21,2,21,705.12910,4615.192,6.36459e-38,6.36459e-38,0.0350,0.0000,0.000000,N2 OQ(21)
N2,Vibrational (Overtone),S,Stokes,0,21,2,23,713.96029,4790.611,1.08543e-39,1.08543e-39,0.7500,0.0000,0.000000,N2 OS(21)
N2,Vibrational (Overtone),O,Stokes,0,21,2,19,697.26704,4455.285,9.88851e-40,9.88851e-40,0.7500,0.0000,0.000000,N2 OO(21)
N2,Vibrational (Overtone),Q,Stokes,0,22,2,22,705.05333,4613.668,8.71679e-38,8.71679e-38,0.0350,0.0000,0.000000,N2 OQ(22)
N2,Vibrational (Overtone),S,Stokes,0,22,2,24,714.27761,4796.834,1.48371e-39,1.48371e-39,0.7500,0.0000,0.000000,N2 OS(22)
N2,Vibrational (Overtone),O,Stokes,0,22,2,20,696.81602,4446.002,1.35732e-39,1.35732e-39,0.7500,0.0000,0.000000,N2 OO(22)
N2,Vibrational (Overtone),Q,Stokes,0,23,2,23,704.97413,4612.075,2.92215e-38,2.92215e-38,0.0350,0.0000,0.000000,N2 OQ(23)
N2,Vibrational (Overtone),S,Stokes,0,23,2,25,714.59135,4802.980,4.96504e-40,4.96504e-40,0.7500,0.0000,0.000000,N2 OS(23)
N2,Vibrational (Overtone),O,Stokes,0,23,2,21,696.36250,4436.656,4.55938e-40,4.55938e-40,0.7500,0.0000,0.000000,N2 OO(23)
N2,Vibrational (Overtone),Q,Stokes,0,24,2,24,704.89150,4610.412,3.83712e-38,3.83712e-38,0.0350,0.0000,0.000000,N2 OQ(24)
N2,Vibrational (Overtone),S,Stokes,0,24,2,26,714.90147,4809.051,6.50902e-40,6.50902e-40,0.7500,0.0000,0.000000,N2 OS(24)
N2,Vibrational (Overtone),O,Stokes,0,24,2,22,695.90652,4427.246,5.99810e-40,5.99810e-40,0.7500,0.0000,0.000000,N2 OO(24)
N2,Vibrational (Overtone),Q,Stokes,0,25,2,25,704.80545,4608.680,1.23372e-38,1.23372e-38,0.0350,0.0000,0.000000,N2 OQ(25)
N2,Vibrational (Overtone),S,Stokes,0,25,2,27,715.20796,4815.045,2.08964e-40,2.08964e-40,0.7500,0.0000,0.000000,N2 OS(25)
N2,Vibrational (Overtone),O,Stokes,0,25,2,23,695.44811,4417.774,1.93181e-40,1.93181e-40,0.7500,0.0000,0.000000,N2 OO(25)
N2,Vibrational (Overtone),Q,Stokes,0,26,2,26,704.71599,4606.879,1.55424e-38,1.55424e-38,0.0350,0.0000,0.000000,N2 OQ(26)
N2,Vibrational (Overtone),S,Stokes,0,26,2,28,715.51079,4820.963,2.62884e-40,2.62884e-40,0.7500,0.0000,0.000000,N2 OS(26)
N2,Vibrational (Overtone),O,Stokes,0,26,2,24,694.98727,4408.240,2.43752e-40,2.43752e-40,0.7500,0.0000,0.000000,N2 OO(26)
N2,Vibrational (Overtone),Q,Stokes,0,27,2,27,704.62310,4605.008,4.79565e-39,4.79565e-39,0.0350,0.0000,0.000000,N2 OQ(27)
N2,Vibrational (Overtone),S,Stokes,0,27,2,29,715.80994,4826.804,8.10082e-41,8.10082e-41,0.7500,0.0000,0.000000,N2 OS(27)
N2,Vibrational (Overtone),O,Stokes,0,27,2,25,694.52405,4398.643,7.53198e-41,7.53198e-41,0.7500,0.0000,0.000000,N2 OO(27)
N2,Vibrational (Overtone),Q,Stokes,0,28,2,28,704.52680,4603.068,5.79931e-39,5.79931e-39,0.0350,0.0000,0.000000,N2 OQ(28)
N2,Vibrational (Overtone),S,Stokes,0,28,2,30,716.10538,4832.567,9.78436e-41,9.78436e-41,0.7500,0.0000,0.000000,N2 OS(28)
N2,Vibrational (Overtone),O,Stokes,0,28,2,26,694.05846,4388.984,9.12062e-41,9.12062e-41,0.7500,0.0000,0.000000,N2 OO(28)
N2,Vibrational (Overtone),Q,Stokes,0,29,2,29,704.42709,4601.059,1.71804e-39,1.71804e-39,0.0350,0.0000,0.000000,N2 OQ(29)
N2,Vibrational (Overtone),S,Stokes,0,29,2,31,716.39709,4838.253,2.89533e-41,2.89533e-41,0.7500,0.0000,0.000000,N2 OS(29)
N2,Vibrational (Overtone),O,Stokes,0,29,2,27,693.59052,4379.264,2.70537e-41,2.70537e-41,0.7500,0.0000,0.000000,N2 OO(29)
N2,Vibrational (Overtone),Q,Stokes,0,30,2,30,704.32397,4598.981,1.99518e-39,1.99518e-39,0.0350,0.0000,0.000000,N2 OQ(30)
N2,Vibrational (Overtone),S,Stokes,0,30,2,32,716.68504,4843.862,3.35883e-41,3.35883e-41,0.7500,0.0000,0.000000,N2 OS(30)
N2,Vibrational (Overtone),O,Stokes,0,30,2,28,693.12027,4369.482,3.14546e-41,3.14546e-41,0.7500,0.0000,0.000000,N2 OO(30)
N2,Vibrational (Overtone),Q,Stokes,0,31,2,31,704.21745,4596.833,5.67734e-40,5.67734e-40,0.0350,0.0000,0.000000,N2 OQ(31)
N2,Vibrational (Overtone),S,Stokes,0,31,2,33,716.96922,4849.392,9.54813e-42,9.54813e-42,0.7500,0.0000,0.000000,N2 OS(31)
N2,Vibrational (Overtone),O,Stokes,0,31,2,29,692.64772,4359.639,8.96026e-42,8.96026e-42,0.7500,0.0000,0.000000,N2 OO(31)
N2,Vibrational (Overtone),Q,Stokes,0,32,2,32,704.10752,4594.616,6.33400e-40,6.33400e-40,0.0350,0.0000,0.000000,N2 OQ(32)
N2,Vibrational (Overtone),S,Stokes,0,32,2,34,717.24960,4854.845,1.06426e-41,1.06426e-41,0.7500,0.0000,0.000000,N2 OS(32)
N2,Vibrational (Overtone),O,Stokes,0,32,2,30,692.17290,4349.735,1.00069e-41,1.00069e-41,0.7500,0.0000,0.000000,N2 OO(32)
N2,Vibrational (Overtone),Q,Stokes,0,33,2,33,703.99420,4592.330,1.73180e-40,1.73180e-40,0.0350,0.0000,0.000000,N2 OQ(33)
N2,Vibrational (Overtone),S,Stokes,0,33,2,35,717.52615,4860.218,2.90726e-42,2.90726e-42,0.7500,0.0000,0.000000,N2 OS(33)
N2,Vibrational (Overtone),O,Stokes,0,33,2,31,691.69583,4339.771,2.73865e-42,2.73865e-42,0.7500,0.0000,0.000000,N2 OO(33)
N2,Vibrational (Overtone),Q,Stokes,0,34,2,34,703.87747,4589.974,1.85677e-40,1.85677e-40,0.0350,0.0000,0.000000,N2 OQ(34)
N2,Vibrational (Overtone),S,Stokes,0,34,2,36,717.79886,4865.513,3.11448e-42,3.11448e-42,0.7500,0.0000,0.000000,N2 OS(34)
N2,Vibrational (Overtone),O,Stokes,0,34,2,32,691.21654,4329.746,2.93894e-42,2.93894e-42,0.7500,0.0000,0.000000,N2 OO(34)
N2,Vibrational (Overtone),Q,Stokes,0,35,2,35,703.75736,4587.550,4.87947e-41,4.87947e-41,0.0350,0.0000,0.000000,N2 OQ(35)
N2,Vibrational (Overtone),S,Stokes,0,35,2,37,718.06769,4870.729,8.17822e-43,8.17822e-43,0.7500,0.0000,0.000000,N2 OS(35)
N2,Vibrational (Overtone),O,Stokes,0,35,2,33,690.73504,4319.661,7.72992e-43,7.72992e-43,0.7500,0.0000,0.000000,N2 OO(35)
N2,Vibrational (Overtone),Q,Stokes,0,36,2,36,703.63386,4585.056,5.02909e-41,5.02909e-41,0.0350,0.0000,0.000000,N2 OQ(36)
N2,Vibrational (Overtone),S,Stokes,0,36,2,38,718.33263,4875.865,8.42275e-43,8.42275e-43,0.7500,0.0000,0.000000,N2 OS(36)
N2,Vibrational (Overtone),O,Stokes,0,36,2,34,690.25138,4309.517,7.97337e-43,7.97337e-43,0.7500,0.0000,0.000000,N2 OO(36)
N2,Vibrational (Overtone),Q,Stokes,0,37,2,37,703.50697,4582.492,1.27063e-41,1.27063e-41,0.0350,0.0000,0.000000,N2 OQ(37)
N2,Vibrational (Overtone),S,Stokes,0,37,2,39,718.59366,4880.922,2.12656e-43,2.12656e-43,0.7500,0.0000,0.000000,N2 OS(37)
N2,Vibrational (Overtone),O,Stokes,0,37,2,35,689.76556,4299.313,2.01605e-43,2.01605e-43,0.7500,0.0000,0.000000,N2 OO(37)
N2,Vibrational (Overtone),Q,Stokes,0,38,2,38,703.37670,4579.860,1.25924e-41,1.25924e-41,0.0350,0.0000,0.000000,N2 OQ(38)
N2,Vibrational (Overtone),S,Stokes,0,38,2,40,718.85074,4885.899,2.10610e-43,2.10610e-43,0.7500,0.0000,0.000000,N2 OS(38)
N2,Vibrational (Overtone),O,Stokes,0,38,2,36,689.27761,4289.050,1.99943e-43,1.99943e-43,0.7500,0.0000,0.000000,N2 OO(38)
N2,Vibrational (Overtone),Q,Stokes,0,39,2,39,703.24305,4577.158,3.05961e-42,3.05961e-42,0.0350,0.0000,0.000000,N2 OQ(39)
N2,Vibrational (Overtone),S,Stokes,0,39,2,41,719.10386,4890.795,5.11401e-44,5.11401e-44,0.7500,0.0000,0.000000,N2 OS(39)
N2,Vibrational (Overtone),O,Stokes,0,39,2,37,688.78755,4278.728,4.86138e-44,4.86138e-44,0.7500,0.0000,0.000000,N2 OO(39)
N2,Vibrational (Overtone),Q,Stokes,0,40,2,40,703.10602,4574.386,2.91633e-42,2.91633e-42,0.0350,0.0000,0.000000,N2 OQ(40)
N2,Vibrational (Overtone),S,Stokes,0,40,2,42,719.35299,4895.612,4.87158e-44,4.87158e-44,0.7500,0.0000,0.000000,N2 OS(40)
N2,Vibrational (Overtone),O,Stokes,0,40,2,38,688.29542,4268.347,4.63674e-44,4.63674e-44,0.7500,0.0000,0.000000,N2 OO(40)
O2,Pure Rotational,S,Stokes,0,1,0,3,532.40720,14.377,1.10400e-31,1.10400e-31,0.7500,0.0905,0.002566,O2 S(1)
O2,Pure Rotational,S,Stokes,0,3,0,5,532.73335,25.875,1.90186e-31,1.90186e-31,0.7500,0.1036,0.002940,O2 S(3)
O2,Pure Rotational,O,Anti-Stokes,0,3,0,1,531.59342,-14.377,1.03584e-31,1.03584e-31,0.7500,0.1036,0.002928,O2 O(3)
O2,Pure Rotational,S,Stokes,0,5,0,7,533.05977,37.370,2.43242e-31,2.43242e-31,0.7500,0.1167,0.003316,O2 S(5)
O2,Pure Rotational,O,Anti-Stokes,0,5,0,3,531.26867,-25.875,1.69577e-31,1.69577e-31,0.7500,0.1167,0.003293,O2 O(5)
O2,Pure Rotational,S,Stokes,0,7,0,9,533.38642,48.859,2.65279e-31,2.65279e-31,0.7500,0.1139,0.003241,O2 S(7)
O2,Pure Rotational,O,Anti-Stokes,0,7,0,5,530.94444,-37.370,2.06109e-31,2.06109e-31,0.7500,0.1139,0.003212,O2 O(7)
O2,Pure Rotational,S,Stokes,0,9,0,11,533.71324,60.339,2.58132e-31,2.58132e-31,0.7500,0.0920,0.002620,O2 S(9)
O2,Pure Rotational,O,Anti-Stokes,0,9,0,7,530.62077,-48.859,2.13622e-31,2.13622e-31,0.7500,0.0920,0.002590,O2 O(9)
O2,Pure Rotational,S,Stokes,0,11,0,13,534.04019,71.810,2.28812e-31,2.28812e-31,0.7500,0.0669,0.001907,O2 S(11)
O2,Pure Rotational,O,Anti-Stokes,0,11,0,9,530.29772,-60.339,1.97553e-31,1.97553e-31,0.7500,0.0669,0.001881,O2 O(11)
O2,Pure Rotational,S,Stokes,0,13,0,15,534.36720,83.269,1.86869e-31,1.86869e-31,0.7500,0.0491,0.001401,O2 S(13)
O2,Pure Rotational,O,Anti-Stokes,0,13,0,11,529.97534,-71.810,1.66433e-31,1.66433e-31,0.7500,0.0491,0.001378,O2 O(13)
O2,Pure Rotational,S,Stokes,0,15,0,17,534.69422,94.714,1.41585e-31,1.41585e-31,0.7500,0.0402,0.001150,O2 S(15)
O2,Pure Rotational,O,Anti-Stokes,0,15,0,13,529.65368,-83.269,1.29193e-31,1.29193e-31,0.7500,0.0402,0.001129,O2 O(15)
O2,Pure Rotational,S,Stokes,0,17,0,19,535.02120,106.144,9.99738e-32,9.99738e-32,0.7500,0.0370,0.001060,O2 S(17)
O2,Pure Rotational,O,Anti-Stokes,0,17,0,15,529.33280,-94.714,9.30434e-32,9.30434e-32,0.7500,0.0370,0.001038,O2 O(17)
O2,Pure Rotational,S,Stokes,0,19,0,21,535.34808,117.557,6.59949e-32,6.59949e-32,0.7500,0.0362,0.001037,O2 S(19)
O2,Pure Rotational,O,Anti-Stokes,0,19,0,17,529.01273,-106.144,6.24525e-32,6.24525e-32,0.7500,0.0362,0.001013,O2 O(19)
O2,Pure Rotational,S,Stokes,0,21,0,23,535.67481,128.950,4.08213e-32,4.08213e-32,0.7500,0.0360,0.001033,O2 S(21)
O2,Pure Rotational,O,Anti-Stokes,0,21,0,19,528.69354,-117.557,3.91926e-32,3.91926e-32,0.7500,0.0360,0.001007,O2 O(21)
O2,Pure Rotational,S,Stokes,0,23,0,25,536.00134,140.323,2.37012e-32,2.37012e-32,0.7500,0.0360,0.001034,O2 S(23)
O2,Pure Rotational,O,Anti-Stokes,0,23,0,21,528.37526,-128.950,2.30487e-32,2.30487e-32,0.7500,0.0360,0.001005,O2 O(23)
O2,Pure Rotational,S,Stokes,0,25,0,27,536.32760,151.672,1.29345e-32,1.29345e-32,0.7500,0.0360,0.001035,O2 S(25)
O2,Pure Rotational,O,Anti-Stokes,0,25,0,23,528.05796,-140.323,1.27244e-32,1.27244e-32,0.7500,0.0360,0.001003,O2 O(25)
O2,Pure Rotational,S,Stokes,0,27,0,29,536.65355,162.997,6.64200e-33,6.64200e-33,0.7500,0.0360,0.001036,O2 S(27)
O2,Pure Rotational,O,Anti-Stokes,0,27,0,25,527.74168,-151.672,6.60342e-33,6.60342e-33,0.7500,0.0360,0.001002,O2 O(27)
O2,Pure Rotational,S,Stokes,0,29,0,31,536.97912,174.294,3.21223e-33,3.21223e-33,0.7500,0.0360,0.001038,O2 S(29)
O2,Pure Rotational,O,Anti-Stokes,0,29,0,27,527.42646,-162.997,3.22491e-33,3.22491e-33,0.7500,0.0360,0.001001,O2 O(29)
O2,Pure Rotational,S,Stokes,0,31,0,33,537.30426,185.564,1.46422e-33,1.46422e-33,0.7500,0.0360,0.001039,O2 S(31)
O2,Pure Rotational,O,Anti-Stokes,0,31,0,29,527.11237,-174.294,1.48346e-33,1.48346e-33,0.7500,0.0360,0.001000,O2 O(31)
O2,Pure Rotational,S,Stokes,0,33,0,35,537.62892,196.803,6.29475e-34,6.29475e-34,0.7500,0.0360,0.001040,O2 S(33)
O2,Pure Rotational,O,Anti-Stokes,0,33,0,31,526.79944,-185.564,6.43251e-34,6.43251e-34,0.7500,0.0360,0.000999,O2 O(33)
O2,Pure Rotational,S,Stokes,0,35,0,37,537.95303,208.009,2.55374e-34,2.55374e-34,0.7500,0.0360,0.001041,O2 S(35)
O2,Pure Rotational,O,Anti-Stokes,0,35,0,33,526.48773,-196.803,2.63099e-34,2.63099e-34,0.7500,0.0360,0.000998,O2 O(35)
O2,Pure Rotational,S,Stokes,0,37,0,39,538.27655,219.181,9.78198e-35,9.78198e-35,0.7500,0.0360,0.001043,O2 S(37)
O2,Pure Rotational,O,Anti-Stokes,0,37,0,35,526.17728,-208.009,1.01565e-34,1.01565e-34,0.7500,0.0360,0.000996,O2 O(37)
O2,Pure Rotational,S,Stokes,0,39,0,41,538.59940,230.318,3.53941e-35,3.53941e-35,0.7500,0.0360,0.001044,O2 S(39)
O2,Pure Rotational,O,Anti-Stokes,0,39,0,37,525.86814,-219.181,3.70242e-35,3.70242e-35,0.7500,0.0360,0.000995,O2 O(39)
O2,Pure Rotational,S,Stokes,0,41,0,43,538.92155,241.416,1.21027e-35,1.21027e-35,0.7500,0.0360,0.001045,O2 S(41)
O2,Pure Rotational,O,Anti-Stokes,0,41,0,39,525.56036,-230.318,1.27512e-35,1.27512e-35,0.7500,0.0360,0.000994,O2 O(41)
O2,Pure Rotational,S,Stokes,0,43,0,45,539.24292,252.474,3.91249e-36,3.91249e-36,0.7500,0.0360,0.001046,O2 S(43)
O2,Pure Rotational,O,Anti-Stokes,0,43,0,41,525.25399,-241.416,4.15085e-36,4.15085e-36,0.7500,0.0360,0.000993,O2 O(43)
O2,Pure Rotational,S,Stokes,0,45,0,47,539.56345,263.491,1.19624e-36,1.19624e-36,0.7500,0.0360,0.001048,O2 S(45)
O2,Pure Rotational,O,Anti-Stokes,0,45,0,43,524.94907,-252.474,1.27768e-36,1.27768e-36,0.7500,0.0360,0.000992,O2 O(45)
O2,Pure Rotational,S,Stokes,0,47,0,49,539.88311,274.464,3.46048e-37,3.46048e-37,0.7500,0.0360,0.001049,O2 S(47)
O2,Pure Rotational,O,Anti-Stokes,0,47,0,45,524.64566,-263.491,3.72030e-37,3.72030e-37,0.7500,0.0360,0.000991,O2 O(47)
O2,Pure Rotational,S,Stokes,0,49,0,51,540.20181,285.392,9.47472e-38,9.47472e-38,0.7500,0.0360,0.001050,O2 S(49)
O2,Pure Rotational,O,Anti-Stokes,0,49,0,47,524.34379,-274.464,1.02511e-37,1.02511e-37,0.7500,0.0360,0.000989,O2 O(49)
O2,Vibrational (Fundamental),Q,Stokes,0,1,1,1,580.01969,1556.198,4.00567e-33,4.00567e-33,0.0650,0.0000,0.000000,O2 FQ(1)
O2,Vibrational (Fundamental),S,Stokes,0,1,1,3,580.49843,1570.417,1.04496e-34,1.04496e-34,0.7500,0.0000,0.000000,O2 FS(1)
O2,Vibrational (Fundamental),Q,Stokes,0,3,1,3,580.01437,1556.040,8.71603e-33,8.71603e-33,0.0650,0.0000,0.000000,O2 FQ(3)
O2,Vibrational (Fundamental),S,Stokes,0,3,1,5,580.87658,1581.631,1.80456e-34,1.80456e-34,0.7500,0.0000,0.000000,O2 FS(3)
O2,Vibrational (Fundamental),O,Stokes,0,3,1,1,579.53643,1541.822,9.74463e-35,9.74463e-35,0.7500,0.0000,0.000000,O2 FO(3)
O2,Vibrational (Fundamental),Q,Stokes,0,5,1,5,580.00480,1555.756,1.20786e-32,1.20786e-32,0.0650,0.0000,0.000000,O2 FQ(5)
O2,Vibrational (Fundamental),S,Stokes,0,5,1,7,581.25081,1592.715,2.31364e-34,2.31364e-34,0.7500,0.0000,0.000000,O2 FS(5)
O2,Vibrational (Fundamental),O,Stokes,0,5,1,3,579.14518,1530.165,1.59139e-34,1.59139e-34,0.7500,0.0000,0.000000,O2 FO(5)
O2,Vibrational (Fundamental),Q,Stokes,0,7,1,7,579.99099,1555.345,1.37363e-32,1.37363e-32,0.0650,0.0000,0.000000,O2 FQ(7)
O2,Vibrational (Fundamental),S,Stokes,0,7,1,9,581.62104,1603.667,2.52944e-34,2.52944e-34,0.7500,0.0000,0.000000,O2 FS(7)
O2,Vibrational (Fundamental),O,Stokes,0,7,1,5,578.75037,1518.386,1.92951e-34,1.92951e-34,0.7500,0.0000,0.000000,O2 FO(7)
O2,Vibrational (Fundamental),Q,Stokes,0,9,1,9,579.97292,1554.808,1.37228e-32,1.37228e-32,0.0650,0.0000,0.000000,O2 FQ(9)
O2,Vibrational (Fundamental),S,Stokes,0,9,1,11,581.98719,1614.484,2.46733e-34,2.46733e-34,0.7500,0.0000,0.000000,O2 FS(9)
O2,Vibrational (Fundamental),O,Stokes,0,9,1,7,578.35208,1506.487,1.99497e-34,1.99497e-34,0.7500,0.0000,0.000000,O2 FO(9)
O2,Vibrational (Fundamental),Q,Stokes,0,11,1,11,579.95059,1554.144,1.23910e-32,1.23910e-32,0.0650,0.0000,0.000000,O2 FQ(11)
O2,Vibrational (Fundamental),S,Stokes,0,11,1,13,582.34918,1625.164,2.19244e-34,2.19244e-34,0.7500,0.0000,0.000000,O2 FS(11)
O2,Vibrational (Fundamental),O,Stokes,0,11,1,9,577.95037,1494.469,1.84042e-34,1.84042e-34,0.7500,0.0000,0.000000,O2 FO(11)
O2,Vibrational (Fundamental),Q,Stokes,0,13,1,13,579.92402,1553.354,1.02619e-32,1.02619e-32,0.0650,0.0000,0.000000,O2 FQ(13)
O2,Vibrational (Fundamental),S,Stokes,0,13,1,15,582.70693,1635.707,1.79494e-34,1.79494e-34,0.7500,0.0000,0.000000,O2 FS(13)
O2,Vibrational (Fundamental),O,Stokes,0,13,1,11,577.54534,1482.335,1.54673e-34,1.54673e-34,0.7500,0.0000,0.000000,O2 FO(13)
O2,Vibrational (Fundamental),Q,Stokes,0,15,1,15,579.89321,1552.438,7.86207e-33,7.86207e-33,0.0650,0.0000,0.000000,O2 FQ(15)
O2,Vibrational (Fundamental),S,Stokes,0,15,1,17,583.06036,1646.110,1.36331e-34,1.36331e-34,0.7500,0.0000,0.000000,O2 FS(15)
O2,Vibrational (Fundamental),O,Stokes,0,15,1,13,577.13705,1470.086,1.19773e-34,1.19773e-34,0.7500,0.0000,0.000000,O2 FO(15)
O2,Vibrational (Fundamental),Q,Stokes,0,17,1,17,579.85814,1551.395,5.60278e-33,5.60278e-33,0.0650,0.0000,0.000000,O2 FQ(17)
O2,Vibrational (Fundamental),S,Stokes,0,17,1,19,583.40939,1656.370,9.64991e-35,9.64991e-35,0.7500,0.0000,0.000000,O2 FS(17)
O2,Vibrational (Fundamental),O,Stokes,0,17,1,15,576.72559,1457.724,8.60506e-35,8.60506e-35,0.7500,0.0000,0.000000,O2 FO(17)
O2,Vibrational (Fundamental),Q,Stokes,0,19,1,19,579.81883,1550.226,3.72773e-33,3.72773e-33,0.0650,0.0000,0.000000,O2 FQ(19)
O2,Vibrational (Fundamental),S,Stokes,0,19,1,21,583.75395,1666.487,6.38570e-35,6.38570e-35,0.7500,0.0000,0.000000,O2 FS(19)
O2,Vibrational (Fundamental),O,Stokes,0,19,1,17,576.31103,1445.251,5.76192e-35,5.76192e-35,0.7500,0.0000,0.000000,O2 FO(19)
O2,Vibrational (Fundamental),Q,Stokes,0,21,1,21,579.77528,1548.930,2.32173e-33,2.32173e-33,0.0650,0.0000,0.000000,O2 FQ(21)
O2,Vibrational (Fundamental),S,Stokes,0,21,1,23,584.09394,1676.459,3.95955e-35,3.95955e-35,0.7500,0.0000,0.000000,O2 FS(21)
O2,Vibrational (Fundamental),O,Stokes,0,21,1,19,575.89344,1432.669,3.60722e-35,3.60722e-35,0.7500,0.0000,0.000000,O2 FO(21)
O2,Vibrational (Fundamental),Q,Stokes,0,23,1,23,579.72748,1547.508,1.35633e-33,1.35633e-33,0.0650,0.0000,0.000000,O2 FQ(23)
O2,Vibrational (Fundamental),S,Stokes,0,23,1,25,584.42929,1686.283,2.30456e-35,2.30456e-35,0.7500,0.0000,0.000000,O2 FS(23)
O2,Vibrational (Fundamental),O,Stokes,0,23,1,21,575.47292,1419.980,2.11627e-35,2.11627e-35,0.7500,0.0000,0.000000,O2 FO(23)
O2,Vibrational (Fundamental),Q,Stokes,0,25,1,25,579.67545,1545.960,7.44337e-34,7.44337e-34,0.0650,0.0000,0.000000,O2 FQ(25)
O2,Vibrational (Fundamental),S,Stokes,0,25,1,27,584.75992,1695.957,1.26074e-35,1.26074e-35,0.7500,0.0000,0.000000,O2 FS(25)
O2,Vibrational (Fundamental),O,Stokes,0,25,1,23,575.04952,1407.186,1.16552e-35,1.16552e-35,0.7500,0.0000,0.000000,O2 FO(25)
O2,Vibrational (Fundamental),Q,Stokes,0,27,1,27,579.61918,1544.285,3.84190e-34,3.84190e-34,0.0650,0.0000,0.000000,O2 FQ(27)
O2,Vibrational (Fundamental),S,Stokes,0,27,1,29,585.08575,1705.481,6.48975e-36,6.48975e-36,0.7500,0.0000,0.000000,O2 FS(27)
O2,Vibrational (Fundamental),O,Stokes,0,27,1,25,574.62333,1394.288,6.03404e-36,6.03404e-36,0.7500,0.0000,0.000000,O2 FO(27)
O2,Vibrational (Fundamental),Q,Stokes,0,29,1,29,579.55867,1542.484,1.86692e-34,1.86692e-34,0.0650,0.0000,0.000000,O2 FQ(29)
O2,Vibrational (Fundamental),S,Stokes,0,29,1,31,585.40669,1714.851,3.14623e-36,3.14623e-36,0.7500,0.0000,0.000000,O2 FS(29)
O2,Vibrational (Fundamental),O,Stokes,0,29,1,27,574.19442,1381.289,2.93980e-36,2.93980e-36,0.7500,0.0000,0.000000,O2 FO(29)
O2,Vibrational (Fundamental),Q,Stokes,0,31,1,31,579.49393,1540.556,8.54804e-35,8.54804e-35,0.0650,0.0000,0.000000,O2 FQ(31)
O2,Vibrational (Fundamental),S,Stokes,0,31,1,33,585.72267,1724.066,1.43761e-36,1.43761e-36,0.7500,0.0000,0.000000,O2 FS(31)
O2,Vibrational (Fundamental),O,Stokes,0,31,1,29,573.76287,1368.190,1.34909e-36,1.34909e-36,0.7500,0.0000,0.000000,O2 FO(31)
O2,Vibrational (Fundamental),Q,Stokes,0,33,1,33,579.42496,1538.502,3.69042e-35,3.69042e-35,0.0650,0.0000,0.000000,O2 FQ(33)
O2,Vibrational (Fundamental),S,Stokes,0,33,1,35,586.03360,1733.125,6.19530e-37,6.19530e-37,0.7500,0.0000,0.000000,O2 FS(33)
O2,Vibrational (Fundamental),O,Stokes,0,33,1,31,573.32875,1354.993,5.83600e-37,5.83600e-37,0.7500,0.0000,0.000000,O2 FO(33)
O2,Vibrational (Fundamental),Q,Stokes,0,35,1,35,579.35177,1536.322,1.50322e-35,1.50322e-35,0.0650,0.0000,0.000000,O2 FQ(35)
O2,Vibrational (Fundamental),S,Stokes,0,35,1,37,586.33941,1742.024,2.51946e-37,2.51946e-37,0.7500,0.0000,0.000000,O2 FS(35)
O2,Vibrational (Fundamental),O,Stokes,0,35,1,33,572.89214,1341.700,2.38136e-37,2.38136e-37,0.7500,0.0000,0.000000,O2 FO(35)
O2,Vibrational (Fundamental),Q,Stokes,0,37,1,37,579.27435,1534.015,5.78019e-36,5.78019e-36,0.0650,0.0000,0.000000,O2 FQ(37)
O2,Vibrational (Fundamental),S,Stokes,0,37,1,39,586.64001,1750.763,9.67390e-38,9.67390e-38,0.7500,0.0000,0.000000,O2 FS(37)
O2,Vibrational (Fundamental),O,Stokes,0,37,1,35,572.45311,1328.313,9.17119e-38,9.17119e-38,0.7500,0.0000,0.000000,O2 FO(37)
O2,Vibrational (Fundamental),Q,Stokes,0,39,1,39,579.19272,1531.582,2.09919e-36,2.09919e-36,0.0650,0.0000,0.000000,O2 FQ(39)
O2,Vibrational (Fundamental),S,Stokes,0,39,1,41,586.93532,1759.340,3.50871e-38,3.50871e-38,0.7500,0.0000,0.000000,O2 FS(39)
O2,Vibrational (Fundamental),O,Stokes,0,39,1,37,572.01174,1314.834,3.33539e-38,3.33539e-38,0.7500,0.0000,0.000000,O2 FO(39)
O2,Vibrational (Hot Band),Q,Stokes,1,1,2,1,579.21474,1532.238,4.17110e-36,4.17110e-36,0.0650,0.0000,0.000000,O2 HQ(1)
O2,Vibrational (Hot Band),S,Stokes,1,1,2,3,579.68684,1546.299,1.08811e-37,1.08811e-37,0.7500,0.0000,0.000000,O2 HS(1)
O2,Vibrational (Hot Band),Q,Stokes,1,3,2,3,579.20944,1532.080,9.08297e-36,9.08297e-36,0.0650,0.0000,0.000000,O2 HQ(3)
O2,Vibrational (Hot Band),S,Stokes,1,3,2,5,580.05968,1557.387,1.88053e-37,1.88053e-37,0.7500,0.0000,0.000000,O2 HS(3)
O2,Vibrational (Hot Band),O,Stokes,1,3,2,1,578.73811,1518.020,1.01549e-37,1.01549e-37,0.7500,0.0000,0.000000,O2 HO(3)
O2,Vibrational (Hot Band),Q,Stokes,1,5,2,5,579.19990,1531.796,1.26045e-35,1.26045e-35,0.0650,0.0000,0.000000,O2 HQ(5)
O2,Vibrational (Hot Band),S,Stokes,1,5,2,7,580.42860,1568.344,2.41437e-37,2.41437e-37,0.7500,0.0000,0.000000,O2 HS(5)
O2,Vibrational (Hot Band),O,Stokes,1,5,2,3,578.35217,1506.489,1.66068e-37,1.66068e-37,0.7500,0.0000,0.000000,O2 HO(5)
O2,Vibrational (Hot Band),Q,Stokes,1,7,2,7,579.18611,1531.385,1.43630e-35,1.43630e-35,0.0650,0.0000,0.000000,O2 HQ(7)
O2,Vibrational (Hot Band),S,Stokes,1,7,2,9,580.79352,1579.169,2.64485e-37,2.64485e-37,0.7500,0.0000,0.000000,O2 HS(7)
O2,Vibrational (Hot Band),O,Stokes,1,7,2,5,577.96266,1494.837,2.01754e-37,2.01754e-37,0.7500,0.0000,0.000000,O2 HO(7)
O2,Vibrational (Hot Band),Q,Stokes,1,9,2,9,579.16809,1530.848,1.43864e-35,1.43864e-35,0.0650,0.0000,0.000000,O2 HQ(9)
O2,Vibrational (Hot Band),S,Stokes,1,9,2,11,581.15435,1589.860,2.58664e-37,2.58664e-37,0.7500,0.0000,0.000000,O2 HS(9)
O2,Vibrational (Hot Band),O,Stokes,1,9,2,7,577.56967,1483.064,2.09144e-37,2.09144e-37,0.7500,0.0000,0.000000,O2 HO(9)
O2,Vibrational (Hot Band),Q,Stokes,1,11,2,11,579.14584,1530.184,1.30322e-35,1.30322e-35,0.0650,0.0000,0.000000,O2 HQ(11)
O2,Vibrational (Hot Band),S,Stokes,1,11,2,13,581.51104,1600.414,2.30588e-37,2.30588e-37,0.7500,0.0000,0.000000,O2 HS(11)
O2,Vibrational (Hot Band),O,Stokes,1,11,2,9,577.17326,1471.172,1.93564e-37,1.93564e-37,0.7500,0.0000,0.000000,O2 HO(11)
O2,Vibrational (Hot Band),Q,Stokes,1,13,2,13,579.11934,1529.394,1.08344e-35,1.08344e-35,0.0650,0.0000,0.000000,O2 HQ(13)
O2,Vibrational (Hot Band),S,Stokes,1,13,2,15,581.86348,1610.830,1.89508e-37,1.89508e-37,0.7500,0.0000,0.000000,O2 HS(13)
O2,Vibrational (Hot Band),O,Stokes,1,13,2,11,576.77352,1459.165,1.63302e-37,1.63302e-37,0.7500,0.0000,0.000000,O2 HO(13)
O2,Vibrational (Hot Band),Q,Stokes,1,15,2,15,579.08861,1528.478,8.33771e-36,8.33771e-36,0.0650,0.0000,0.000000,O2 HQ(15)
O2,Vibrational (Hot Band),S,Stokes,1,15,2,17,582.21160,1621.107,1.44578e-37,1.44578e-37,0.7500,0.0000,0.000000,O2 HS(15)
O2,Vibrational (Hot Band),O,Stokes,1,15,2,13,576.37052,1447.042,1.27019e-37,1.27019e-37,0.7500,0.0000,0.000000,O2 HO(15)
O2,Vibrational (Hot Band),Q,Stokes,1,17,2,17,579.05364,1527.435,5.97192e-36,5.97192e-36,0.0650,0.0000,0.000000,O2 HQ(17)
O2,Vibrational (Hot Band),S,Stokes,1,17,2,19,582.55533,1631.241,1.02857e-37,1.02857e-37,0.7500,0.0000,0.000000,O2 HS(17)
O2,Vibrational (Hot Band),O,Stokes,1,17,2,15,575.96434,1434.806,9.17200e-38,9.17200e-38,0.7500,0.0000,0.000000,O2 HO(17)
O2,Vibrational (Hot Band),Q,Stokes,1,19,2,19,579.01444,1526.266,3.99596e-36,3.99596e-36,0.0650,0.0000,0.000000,O2 HQ(19)
O2,Vibrational (Hot Band),S,Stokes,1,19,2,21,582.89458,1641.232,6.84519e-38,6.84519e-38,0.7500,0.0000,0.000000,O2 HS(19)
O2,Vibrational (Hot Band),O,Stokes,1,19,2,17,575.55506,1422.460,6.17653e-38,6.17653e-38,0.7500,0.0000,0.000000,O2 HO(19)
O2,Vibrational (Hot Band),Q,Stokes,1,21,2,21,578.97101,1524.970,2.50451e-36,2.50451e-36,0.0650,0.0000,0.000000,O2 HQ(21)
O2,Vibrational (Hot Band),S,Stokes,1,21,2,23,583.22927,1651.077,4.27126e-38,4.27126e-38,0.7500,0.0000,0.000000,O2 HS(21)
O2,Vibrational (Hot Band),O,Stokes,1,21,2,19,575.14275,1410.005,3.89120e-38,3.89120e-38,0.7500,0.0000,0.000000,O2 HO(21)
O2,Vibrational (Hot Band),Q,Stokes,1,23,2,23,578.92334,1523.548,1.47325e-36,1.47325e-36,0.0650,0.0000,0.000000,O2 HQ(23)
O2,Vibrational (Hot Band),S,Stokes,1,23,2,25,583.55933,1660.774,2.50322e-38,2.50322e-38,0.7500,0.0000,0.000000,O2 HS(23)
O2,Vibrational (Hot Band),O,Stokes,1,23,2,21,574.72749,1397.442,2.29869e-38,2.29869e-38,0.7500,0.0000,0.000000,O2 HO(23)
O2,Vibrational (Hot Band),Q,Stokes,1,25,2,25,578.87145,1522.000,8.14605e-37,8.14605e-37,0.0650,0.0000,0.000000,O2 HQ(25)
O2,Vibrational (Hot Band),S,Stokes,1,25,2,27,583.88467,1670.322,1.37975e-38,1.37975e-38,0.7500,0.0000,0.000000,O2 HS(25)
O2,Vibrational (Hot Band),O,Stokes,1,25,2,23,574.30936,1384.774,1.27554e-38,1.27554e-38,0.7500,0.0000,0.000000,O2 HO(25)
O2,Vibrational (Hot Band),Q,Stokes,1,27,2,27,578.81534,1520.325,4.23894e-37,4.23894e-37,0.0650,0.0000,0.000000,O2 HQ(27)
O2,Vibrational (Hot Band),S,Stokes,1,27,2,29,584.20520,1679.719,7.16043e-39,7.16043e-39,0.7500,0.0000,0.000000,O2 HS(27)
O2,Vibrational (Hot Band),O,Stokes,1,27,2,25,573.88843,1372.003,6.65763e-39,6.65763e-39,0.7500,0.0000,0.000000,O2 HO(27)
O2,Vibrational (Hot Band),Q,Stokes,1,29,2,29,578.75500,1518.524,2.07796e-37,2.07796e-37,0.0650,0.0000,0.000000,O2 HQ(29)
O2,Vibrational (Hot Band),S,Stokes,1,29,2,31,584.52086,1688.963,3.50188e-39,3.50188e-39,0.7500,0.0000,0.000000,O2 HS(29)
O2,Vibrational (Hot Band),O,Stokes,1,29,2,27,573.46477,1359.130,3.27212e-39,3.27212e-39,0.7500,0.0000,0.000000,O2 HO(29)
O2,Vibrational (Hot Band),Q,Stokes,1,31,2,31,578.69044,1516.596,9.60385e-38,9.60385e-38,0.0650,0.0000,0.000000,O2 HQ(31)
O2,Vibrational (Hot Band),S,Stokes,1,31,2,33,584.83156,1698.052,1.61517e-39,1.61517e-39,0.7500,0.0000,0.000000,O2 HS(31)
O2,Vibrational (Hot Band),O,Stokes,1,31,2,29,573.03847,1346.157,1.51573e-39,1.51573e-39,0.7500,0.0000,0.000000,O2 HO(31)
O2,Vibrational (Hot Band),Q,Stokes,1,33,2,33,578.62166,1514.542,4.18783e-38,4.18783e-38,0.0650,0.0000,0.000000,O2 HQ(33)
O2,Vibrational (Hot Band),S,Stokes,1,33,2,35,585.13722,1706.984,7.03032e-40,7.03032e-40,0.7500,0.0000,0.000000,O2 HS(33)
O2,Vibrational (Hot Band),O,Stokes,1,33,2,31,572.60959,1333.087,6.62259e-40,6.62259e-40,0.7500,0.0000,0.000000,O2 HO(33)
O2,Vibrational (Hot Band),Q,Stokes,1,35,2,35,578.54867,1512.362,1.72399e-38,1.72399e-38,0.0650,0.0000,0.000000,O2 HQ(35)
O2,Vibrational (Hot Band),S,Stokes,1,35,2,37,585.43776,1715.758,2.88949e-40,2.88949e-40,0.7500,0.0000,0.000000,O2 HS(35)
O2,Vibrational (Hot Band),O,Stokes,1,35,2,33,572.17821,1319.920,2.73110e-40,2.73110e-40,0.7500,0.0000,0.000000,O2 HO(35)
O2,Vibrational (Hot Band),Q,Stokes,1,37,2,37,578.47147,1510.055,6.70382e-39,6.70382e-39,0.0650,0.0000,0.000000,O2 HQ(37)
O2,Vibrational (Hot Band),S,Stokes,1,37,2,39,585.73310,1724.370,1.12197e-40,1.12197e-40,0.7500,0.0000,0.000000,O2 HS(37)
O2,Vibrational (Hot Band),O,Stokes,1,37,2,35,571.74441,1306.660,1.06367e-40,1.06367e-40,0.7500,0.0000,0.000000,O2 HO(37)
O2,Vibrational (Hot Band),Q,Stokes,1,39,2,39,578.39006,1507.622,2.46358e-39,2.46358e-39,0.0650,0.0000,0.000000,O2 HQ(39)
O2,Vibrational (Hot Band),S,Stokes,1,39,2,41,586.02316,1732.820,4.11777e-41,4.11777e-41,0.7500,0.0000,0.000000,O2 HS(39)
O2,Vibrational (Hot Band),O,Stokes,1,39,2,37,571.30825,1293.307,3.91436e-41,3.91436e-41,0.7500,0.0000,0.000000,O2 HO(39)
O2,Vibrational (Overtone),Q,Stokes,0,1,2,1,636.59576,3088.437,4.60469e-37,4.60469e-37,0.0650,0.0000,0.000000,O2 OQ(1)
O2,Vibrational (Overtone),S,Stokes,0,1,2,3,637.16609,3102.497,1.20122e-38,1.20122e-38,0.7500,0.0000,0.000000,O2 OS(1)
O2,Vibrational (Overtone),Q,Stokes,0,3,2,3,636.58296,3088.121,1.00194e-36,1.00194e-36,0.0650,0.0000,0.000000,O2 OQ(3)
O2,Vibrational (Overtone),S,Stokes,0,3,2,5,637.61013,3113.427,2.07442e-38,2.07442e-38,0.7500,0.0000,0.000000,O2 OS(3)
O2,Vibrational (Overtone),O,Stokes,0,3,2,1,636.01368,3074.060,1.12019e-38,1.12019e-38,0.7500,0.0000,0.000000,O2 OO(3)
O2,Vibrational (Overtone),Q,Stokes,0,5,2,5,636.55991,3087.552,1.38849e-36,1.38849e-36,0.0650,0.0000,0.000000,O2 OQ(5)
O2,Vibrational (Overtone),S,Stokes,0,5,2,7,638.04434,3124.100,2.65962e-38,2.65962e-38,0.7500,0.0000,0.000000,O2 OS(5)
O2,Vibrational (Overtone),O,Stokes,0,5,2,3,635.53611,3062.245,1.82937e-38,1.82937e-38,0.7500,0.0000,0.000000,O2 OO(5)
O2,Vibrational (Overtone),Q,Stokes,0,7,2,7,636.52662,3086.730,1.57904e-36,1.57904e-36,0.0650,0.0000,0.000000,O2 OQ(7)
O2,Vibrational (Overtone),S,Stokes,0,7,2,9,638.46858,3134.515,2.90770e-38,2.90770e-38,0.7500,0.0000,0.000000,O2 OS(7)
O2,Vibrational (Overtone),O,Stokes,0,7,2,5,635.04924,3050.182,2.21805e-38,2.21805e-38,0.7500,0.0000,0.000000,O2 OO(7)
O2,Vibrational (Overtone),Q,Stokes,0,9,2,9,636.48309,3085.656,1.57750e-36,1.57750e-36,0.0650,0.0000,0.000000,O2 OQ(9)
O2,Vibrational (Overtone),S,Stokes,0,9,2,11,638.88274,3144.668,2.83630e-38,2.83630e-38,0.7500,0.0000,0.000000,O2 OS(9)
O2,Vibrational (Overtone),O,Stokes,0,9,2,7,634.55317,3037.872,2.29331e-38,2.29331e-38,0.7500,0.0000,0.000000,O2 OO(9)
O2,Vibrational (Overtone),Q,Stokes,0,11,2,11,636.42933,3084.329,1.42440e-36,1.42440e-36,0.0650,0.0000,0.000000,O2 OQ(11)
O2,Vibrational (Overtone),S,Stokes,0,11,2,13,639.28671,3154.559,2.52030e-38,2.52030e-38,0.7500,0.0000,0.000000,O2 OS(11)
O2,Vibrational (Overtone),O,Stokes,0,11,2,9,634.04804,3025.317,2.11564e-38,2.11564e-38,0.7500,0.0000,0.000000,O2 OO(11)
O2,Vibrational (Overtone),Q,Stokes,0,13,2,13,636.36534,3082.749,1.17965e-36,1.17965e-36,0.0650,0.0000,0.000000,O2 OQ(13)
O2,Vibrational (Overtone),S,Stokes,0,13,2,15,639.68036,3164.185,2.06336e-38,2.06336e-38,0.7500,0.0000,0.000000,O2 OS(13)
O2,Vibrational (Overtone),O,Stokes,0,13,2,11,633.53396,3012.519,1.77803e-38,1.77803e-38,0.7500,0.0000,0.000000,O2 OO(13)
O2,Vibrational (Overtone),Q,Stokes,0,15,2,15,636.29113,3080.916,9.03778e-37,9.03778e-37,0.0650,0.0000,0.000000,O2 OQ(15)
O2,Vibrational (Overtone),S,Stokes,0,15,2,17,640.06359,3173.545,1.56718e-38,1.56718e-38,0.7500,0.0000,0.000000,O2 OS(15)
O2,Vibrational (Overtone),O,Stokes,0,15,2,13,633.01105,2999.480,1.37684e-38,1.37684e-38,0.7500,0.0000,0.000000,O2 OO(15)
O2,Vibrational (Overtone),Q,Stokes,0,17,2,17,636.20670,3078.830,6.44063e-37,6.44063e-37,0.0650,0.0000,0.000000,O2 OQ(17)
O2,Vibrational (Overtone),S,Stokes,0,17,2,19,640.43627,3182.636,1.10930e-38,1.10930e-38,0.7500,0.0000,0.000000,O2 OS(17)
O2,Vibrational (Overtone),O,Stokes,0,17,2,15,632.47943,2986.202,9.89188e-39,9.89188e-39,0.7500,0.0000,0.000000,O2 OO(17)
O2,Vibrational (Overtone),Q,Stokes,0,19,2,19,636.11206,3076.492,4.28518e-37,4.28518e-37,0.0650,0.0000,0.000000,O2 OQ(19)
O2,Vibrational (Overtone),S,Stokes,0,19,2,21,640.79829,3191.458,7.34063e-39,7.34063e-39,0.7500,0.0000,0.000000,O2 OS(19)
O2,Vibrational (Overtone),O,Stokes,0,19,2,17,631.93923,2972.686,6.62358e-39,6.62358e-39,0.7500,0.0000,0.000000,O2 OO(19)
O2,Vibrational (Overtone),Q,Stokes,0,21,2,21,636.00723,3073.901,2.66893e-37,2.66893e-37,0.0650,0.0000,0.000000,O2 OQ(21)
O2,Vibrational (Overtone),S,Stokes,0,21,2,23,641.14954,3200.007,4.55167e-39,4.55167e-39,0.7500,0.0000,0.000000,O2 OS(21)
O2,Vibrational (Overtone),O,Stokes,0,21,2,19,631.39056,2958.935,4.14665e-39,4.14665e-39,0.7500,0.0000,0.000000,O2 OO(21)
O2,Vibrational (Overtone),Q,Stokes,0,23,2,23,635.89221,3071.057,1.55916e-37,1.55916e-37,0.0650,0.0000,0.000000,O2 OQ(23)
O2,Vibrational (Overtone),S,Stokes,0,23,2,25,641.48991,3208.283,2.64919e-39,2.64919e-39,0.7500,0.0000,0.000000,O2 OS(23)
O2,Vibrational (Overtone),O,Stokes,0,23,2,21,630.83355,2944.950,2.43274e-39,2.43274e-39,0.7500,0.0000,0.000000,O2 OO(23)
O2,Vibrational (Overtone),Q,Stokes,0,25,2,25,635.76701,3067.960,8.55647e-38,8.55647e-38,0.0650,0.0000,0.000000,O2 OQ(25)
O2,Vibrational (Overtone),S,Stokes,0,25,2,27,641.81928,3216.282,1.44927e-39,1.44927e-39,0.7500,0.0000,0.000000,O2 OS(25)
O2,Vibrational (Overtone),O,Stokes,0,25,2,23,630.26832,2930.734,1.33981e-39,1.33981e-39,0.7500,0.0000,0.000000,O2 OO(25)
O2,Vibrational (Overtone),Q,Stokes,0,27,2,27,635.63165,3064.610,4.41643e-38,4.41643e-38,0.0650,0.0000,0.000000,O2 OQ(27)
O2,Vibrational (Overtone),S,Stokes,0,27,2,29,642.13753,3224.005,7.46024e-40,7.46024e-40,0.7500,0.0000,0.000000,O2 OS(27)
O2,Vibrational (Overtone),O,Stokes,0,27,2,25,629.69498,2916.288,6.93638e-40,6.93638e-40,0.7500,0.0000,0.000000,O2 OO(27)
O2,Vibrational (Overtone),Q,Stokes,0,29,2,29,635.48614,3061.008,2.14610e-38,2.14610e-38,0.0650,0.0000,0.000000,O2 OQ(29)
O2,Vibrational (Overtone),S,Stokes,0,29,2,31,642.44457,3231.447,3.61672e-40,3.61672e-40,0.7500,0.0000,0.000000,O2 OS(29)
O2,Vibrational (Overtone),O,Stokes,0,29,2,27,629.11367,2901.614,3.37943e-40,3.37943e-40,0.7500,0.0000,0.000000,O2 OO(29)
O2,Vibrational (Overtone),Q,Stokes,0,31,2,31,635.33049,3057.153,9.82633e-39,9.82633e-39,0.0650,0.0000,0.000000,O2 OQ(31)
O2,Vibrational (Overtone),S,Stokes,0,31,2,33,642.74028,3238.609,1.65259e-40,1.65259e-40,0.7500,0.0000,0.000000,O2 OS(31)
O2,Vibrational (Overtone),O,Stokes,0,31,2,29,628.52449,2886.714,1.55084e-40,1.55084e-40,0.7500,0.0000,0.000000,O2 OO(31)
O2,Vibrational (Overtone),Q,Stokes,0,33,2,33,635.16471,3053.045,4.24230e-39,4.24230e-39,0.0650,0.0000,0.000000,O2 OQ(33)
O2,Vibrational (Overtone),S,Stokes,0,33,2,35,643.02455,3245.487,7.12176e-41,7.12176e-41,0.7500,0.0000,0.000000,O2 OS(33)
O2,Vibrational (Overtone),O,Stokes,0,33,2,31,627.92758,2871.589,6.70873e-41,6.70873e-41,0.7500,0.0000,0.000000,O2 OO(33)
O2,Vibrational (Overtone),Q,Stokes,0,35,2,35,634.98883,3048.684,1.72801e-39,1.72801e-39,0.0650,0.0000,0.000000,O2 OQ(35)
O2,Vibrational (Overtone),S,Stokes,0,35,2,37,643.29726,3252.080,2.89623e-41,2.89623e-41,0.7500,0.0000,0.000000,O2 OS(35)
O2,Vibrational (Overtone),O,Stokes,0,35,2,33,627.32304,2856.242,2.73747e-41,2.73747e-41,0.7500,0.0000,0.000000,O2 OO(35)
O2,Vibrational (Overtone),Q,Stokes,0,37,2,37,634.80286,3044.070,6.64457e-40,6.64457e-40,0.0650,0.0000,0.000000,O2 OQ(37)
O2,Vibrational (Overtone),S,Stokes,0,37,2,39,643.55833,3258.385,1.11206e-41,1.11206e-41,0.7500,0.0000,0.000000,O2 OS(37)
O2,Vibrational (Overtone),O,Stokes,0,37,2,35,626.71102,2840.675,1.05427e-41,1.05427e-41,0.7500,0.0000,0.000000,O2 OO(37)
O2,Vibrational (Overtone),Q,Stokes,0,39,2,39,634.60682,3039.204,2.41311e-40,2.41311e-40,0.0650,0.0000,0.000000,O2 OQ(39)
O2,Vibrational (Overtone),S,Stokes,0,39,2,41,643.80763,3264.402,4.03341e-42,4.03341e-42,0.7500,0.0000,0.000000,O2 OS(39)
O2,Vibrational (Overtone),O,Stokes,0,39,2,37,626.09161,2824.889,3.83417e-42,3.83417e-42,0.7500,0.0000,0.000000,O2 OO(39)
H2O,Pure Rotational,S,Stokes,0,0,0,2,534.46657,86.748,5.82161e-34,5.82161e-34,0.7500,0.1599,0.004569,H2O S(0)
H2O,Pure Rotational,S,Stokes,0,1,0,3,536.12297,144.555,2.69802e-33,2.69802e-33,0.7500,0.1520,0.004368,H2O S(1)
H2O,Pure Rotational,S,Stokes,0,2,0,4,537.78855,202.324,9.58123e-34,9.58123e-34,0.7500,0.1446,0.004182,H2O S(2)
H2O,Pure Rotational,O,Anti-Stokes,0,2,0,0,529.55609,-86.748,3.96319e-34,3.96319e-34,0.7500,0.1446,0.004055,H2O O(2)
H2O,Pure Rotational,S,Stokes,0,3,0,5,539.46294,260.038,2.41470e-33,2.41470e-33,0.7500,0.1378,0.004011,H2O S(3)
H2O,Pure Rotational,O,Anti-Stokes,0,3,0,1,527.93996,-144.555,1.42156e-33,1.42156e-33,0.7500,0.1378,0.003842,H2O O(3)
H2O,Pure Rotational,S,Stokes,0,4,0,6,541.14578,317.684,5.56377e-34,5.56377e-34,0.7500,0.1316,0.003854,H2O S(4)
H2O,Pure Rotational,O,Anti-Stokes,0,4,0,2,526.33474,-202.324,3.90780e-34,3.90780e-34,0.7500,0.1316,0.003646,H2O O(4)
H2O,Pure Rotational,S,Stokes,0,5,0,7,542.83665,375.244,9.68035e-34,9.68035e-34,0.7500,0.1259,0.003709,H2O S(5)
H2O,Pure Rotational,O,Anti-Stokes,0,5,0,3,524.74072,-260.038,7.62554e-34,7.62554e-34,0.7500,0.1259,0.003466,H2O O(5)
H2O,Pure Rotational,S,Stokes,0,6,0,8,544.53517,432.706,1.58710e-34,1.58710e-34,0.7500,0.1206,0.003576,H2O S(6)
H2O,Pure Rotational,O,Anti-Stokes,0,6,0,4,523.15823,-317.684,1.36084e-34,1.36084e-34,0.7500,0.1206,0.003301,H2O O(6)
H2O,Pure Rotational,S,Stokes,0,7,0,9,546.24091,490.052,1.99928e-34,1.99928e-34,0.7500,0.1158,0.003454,H2O S(7)
H2O,Pure Rotational,O,Anti-Stokes,0,7,0,5,521.58754,-375.244,1.83452e-34,1.83452e-34,0.7500,0.1158,0.003149,H2O O(7)
H2O,Pure Rotational,S,Stokes,0,8,0,10,547.95344,547.267,2.39967e-35,2.39967e-35,0.7500,0.1113,0.003342,H2O S(8)
H2O,Pure Rotational,O,Anti-Stokes,0,8,0,6,520.02897,-432.706,2.33143e-35,2.33143e-35,0.7500,0.1113,0.003010,H2O O(8)
H2O,Pure Rotational,S,Stokes,0,9,0,11,549.67235,604.336,2.23005e-35,2.23005e-35,0.7500,0.1072,0.003239,H2O S(9)
H2O,Pure Rotational,O,Anti-Stokes,0,9,0,7,518.48277,-490.052,2.27773e-35,2.27773e-35,0.7500,0.1072,0.002882,H2O O(9)
H2O,Pure Rotational,S,Stokes,0,10,0,12,551.39716,661.244,1.98580e-36,1.98580e-36,0.7500,0.1034,0.003145,H2O S(10)
H2O,Pure Rotational,O,Anti-Stokes,0,10,0,8,516.94923,-547.267,2.12151e-36,2.12151e-36,0.7500,0.1034,0.002764,H2O O(10)
H2O,Pure Rotational,S,Stokes,0,11,0,13,553.12743,717.976,1.37511e-36,1.37511e-36,0.7500,0.1000,0.003058,H2O S(11)
H2O,Pure Rotational,O,Anti-Stokes,0,11,0,9,515.42861,-604.336,1.53093e-36,1.53093e-36,0.7500,0.1000,0.002655,H2O O(11)
H2O,Pure Rotational,S,Stokes,0,12,0,14,554.86269,774.516,9.15671e-38,9.15671e-38,0.7500,0.0968,0.002979,H2O S(12)
H2O,Pure Rotational,O,Anti-Stokes,0,12,0,10,513.92117,-661.244,1.05934e-37,1.05934e-37,0.7500,0.0968,0.002555,H2O O(12)
H2O,Pure Rotational,S,Stokes,0,13,0,15,556.60244,830.848,4.75580e-38,4.75580e-38,0.7500,0.0938,0.002906,H2O S(13)
H2O,Pure Rotational,O,Anti-Stokes,0,13,0,11,512.42717,-717.976,5.70478e-38,5.70478e-38,0.7500,0.0938,0.002463,H2O O(13)
H2O,Pure Rotational,S,Stokes,0,14,0,16,558.34619,886.957,2.38146e-39,2.38146e-39,0.7500,0.0911,0.002840,H2O S(14)
H2O,Pure Rotational,O,Anti-Stokes,0,14,0,12,510.94683,-774.516,2.95674e-39,2.95674e-39,0.7500,0.0911,0.002379,H2O O(14)
H2O,Pure Rotational,S,Stokes,0,15,0,17,560.09343,942.828,9.32339e-40,9.32339e-40,0.7500,0.0886,0.002780,H2O S(15)
H2O,Pure Rotational,O,Anti-Stokes,0,15,0,13,509.48041,-830.848,1.19639e-39,1.19639e-39,0.7500,0.0886,0.002300,H2O O(15)
H2O,Pure Rotational,S,Stokes,0,16,0,18,561.84364,998.446,3.52688e-41,3.52688e-41,0.7500,0.0863,0.002725,H2O S(16)
H2O,Pure Rotational,O,Anti-Stokes,0,16,0,14,508.02812,-886.957,4.67195e-41,4.67195e-41,0.7500,0.0863,0.002228,H2O O(16)
H2O,Pure Rotational,S,Stokes,0,17,0,19,563.59629,1053.796,1.04525e-41,1.04525e-41,0.7500,0.0842,0.002675,H2O S(17)
H2O,Pure Rotational,O,Anti-Stokes,0,17,0,15,506.59021,-942.828,1.42789e-41,1.42789e-41,0.7500,0.0842,0.002161,H2O O(17)
H2O,Pure Rotational,S,Stokes,0,18,0,20,565.35082,1108.860,2.99919e-43,2.99919e-43,0.7500,0.0823,0.002630,H2O S(18)
H2O,Pure Rotational,O,Anti-Stokes,0,18,0,16,505.16688,-998.446,4.22154e-43,4.22154e-43,0.7500,0.0823,0.002100,H2O O(18)
H2O,Pure Rotational,S,Stokes,0,19,0,21,567.10668,1163.626,6.75538e-44,6.75538e-44,0.7500,0.0805,0.002589,H2O S(19)
H2O,Pure Rotational,O,Anti-Stokes,0,19,0,17,503.75834,-1053.796,9.78992e-44,9.78992e-44,0.7500,0.0805,0.002043,H2O O(19)
H2O,Vibrational (Fundamental),Q,Stokes,0,0,1,0,656.70478,3569.450,2.99688e-34,2.99688e-34,0.0500,0.0000,0.000000,H2O FQ(0)
H2O,Vibrational (Fundamental),S,Stokes,0,0,1,2,660.43594,3655.478,1.30299e-35,1.30299e-35,0.7500,0.0000,0.000000,H2O FS(0)
H2O,Vibrational (Fundamental),Q,Stokes,0,1,1,1,656.69443,3569.210,2.34367e-33,2.34367e-33,0.0500,0.0000,0.000000,H2O FQ(1)
H2O,Vibrational (Fundamental),S,Stokes,0,1,1,3,662.93534,3712.565,6.11392e-35,6.11392e-35,0.7500,0.0000,0.000000,H2O FS(1)
H2O,Vibrational (Fundamental),Q,Stokes,0,2,1,2,656.67373,3568.730,9.83122e-34,9.83122e-34,0.0500,0.0000,0.000000,H2O FQ(2)
H2O,Vibrational (Fundamental),S,Stokes,0,2,1,4,665.44141,3769.374,2.19828e-35,2.19828e-35,0.7500,0.0000,0.000000,H2O FS(2)
H2O,Vibrational (Fundamental),O,Stokes,0,2,1,0,652.98485,3482.702,8.54888e-36,8.54888e-36,0.7500,0.0000,0.000000,H2O FO(2)
H2O,Vibrational (Fundamental),Q,Stokes,0,3,1,3,656.64269,3568.010,2.70940e-33,2.70940e-33,0.0500,0.0000,0.000000,H2O FQ(3)
H2O,Vibrational (Fundamental),S,Stokes,0,3,1,5,667.95339,3825.888,5.60952e-35,5.60952e-35,0.7500,0.0000,0.000000,H2O FS(3)
H2O,Vibrational (Fundamental),O,Stokes,0,3,1,1,650.51915,3424.655,3.02914e-35,3.02914e-35,0.7500,0.0000,0.000000,H2O FO(3)
H2O,Vibrational (Fundamental),Q,Stokes,0,4,1,4,656.60130,3567.050,6.62206e-34,6.62206e-34,0.0500,0.0000,0.000000,H2O FQ(4)
H2O,Vibrational (Fundamental),S,Stokes,0,4,1,6,670.47052,3882.094,1.30871e-35,1.30871e-35,0.7500,0.0000,0.000000,H2O FS(4)
H2O,Vibrational (Fundamental),O,Stokes,0,4,1,2,648.06353,3366.406,8.22617e-36,8.22617e-36,0.7500,0.0000,0.000000,H2O FO(4)
H2O,Vibrational (Fundamental),Q,Stokes,0,5,1,5,656.54957,3565.850,1.20367e-33,1.20367e-33,0.0500,0.0000,0.000000,H2O FQ(5)
H2O,Vibrational (Fundamental),S,Stokes,0,5,1,7,672.99198,3937.974,2.30560e-35,2.30560e-35,0.7500,0.0000,0.000000,H2O FS(5)
H2O,Vibrational (Fundamental),O,Stokes,0,5,1,3,645.61861,3307.972,1.58586e-35,1.58586e-35,0.7500,0.0000,0.000000,H2O FO(5)
H2O,Vibrational (Fundamental),Q,Stokes,0,6,1,6,656.48750,3564.410,2.04365e-34,2.04365e-34,0.0500,0.0000,0.000000,H2O FQ(6)
H2O,Vibrational (Fundamental),S,Stokes,0,6,1,8,675.51698,3993.516,3.82758e-36,3.82758e-36,0.7500,0.0000,0.000000,H2O FS(6)
H2O,Vibrational (Fundamental),O,Stokes,0,6,1,4,643.18501,3249.366,2.79612e-36,2.79612e-36,0.7500,0.0000,0.000000,H2O FO(6)
H2O,Vibrational (Fundamental),Q,Stokes,0,7,1,7,656.41510,3562.730,2.65137e-34,2.65137e-34,0.0500,0.0000,0.000000,H2O FQ(7)
H2O,Vibrational (Fundamental),S,Stokes,0,7,1,9,678.04466,4048.702,4.88232e-36,4.88232e-36,0.7500,0.0000,0.000000,H2O FS(7)
H2O,Vibrational (Fundamental),O,Stokes,0,7,1,5,640.76330,3190.606,3.72433e-36,3.72433e-36,0.7500,0.0000,0.000000,H2O FO(7)
H2O,Vibrational (Fundamental),Q,Stokes,0,8,1,8,656.33239,3560.810,3.26542e-35,3.26542e-35,0.0500,0.0000,0.000000,H2O FQ(8)
H2O,Vibrational (Fundamental),S,Stokes,0,8,1,10,680.57417,4103.517,5.93392e-37,5.93392e-37,0.7500,0.0000,0.000000,H2O FS(8)
H2O,Vibrational (Fundamental),O,Stokes,0,8,1,6,638.35404,3131.704,4.67681e-37,4.67681e-37,0.7500,0.0000,0.000000,H2O FO(8)
H2O,Vibrational (Fundamental),Q,Stokes,0,9,1,9,656.23935,3558.650,3.10573e-35,3.10573e-35,0.0500,0.0000,0.000000,H2O FQ(9)
H2O,Vibrational (Fundamental),S,Stokes,0,9,1,11,683.10462,4157.946,5.58401e-37,5.58401e-37,0.7500,0.0000,0.000000,H2O FS(9)
H2O,Vibrational (Fundamental),O,Stokes,0,9,1,7,635.95779,3072.678,4.51499e-37,4.51499e-37,0.7500,0.0000,0.000000,H2O FO(9)
H2O,Vibrational (Fundamental),Q,Stokes,0,10,1,10,656.13601,3556.250,2.82501e-36,2.82501e-36,0.0500,0.0000,0.000000,H2O FQ(10)
H2O,Vibrational (Fundamental),S,Stokes,0,10,1,12,685.63508,4211.974,5.03512e-38,5.03512e-38,0.7500,0.0000,0.000000,H2O FS(10)
H2O,Vibrational (Fundamental),O,Stokes,0,10,1,8,633.57507,3013.543,4.15578e-38,4.15578e-38,0.7500,0.0000,0.000000,H2O FO(10)
H2O,Vibrational (Fundamental),Q,Stokes,0,11,1,11,656.02238,3553.610,1.99543e-36,1.99543e-36,0.0500,0.0000,0.000000,H2O FQ(11)
H2O,Vibrational (Fundamental),S,Stokes,0,11,1,13,688.16463,4265.586,3.53066e-38,3.53066e-38,0.7500,0.0000,0.000000,H2O FS(11)
H2O,Vibrational (Fundamental),O,Stokes,0,11,1,9,631.20638,2954.314,2.96377e-38,2.96377e-38,0.7500,0.0000,0.000000,H2O FO(11)
H2O,Vibrational (Fundamental),Q,Stokes,0,12,1,12,655.89845,3550.730,1.35384e-37,1.35384e-37,0.0500,0.0000,0.000000,H2O FQ(12)
H2O,Vibrational (Fundamental),S,Stokes,0,12,1,14,690.69231,4318.766,2.38066e-39,2.38066e-39,0.7500,0.0000,0.000000,H2O FS(12)
H2O,Vibrational (Fundamental),O,Stokes,0,12,1,10,628.85223,2895.006,2.02692e-39,2.02692e-39,0.7500,0.0000,0.000000,H2O FO(12)
H2O,Vibrational (Fundamental),Q,Stokes,0,13,1,13,655.76426,3547.610,7.15814e-38,7.15814e-38,0.0500,0.0000,0.000000,H2O FQ(13)
H2O,Vibrational (Fundamental),S,Stokes,0,13,1,15,693.21712,4371.498,1.25205e-39,1.25205e-39,0.7500,0.0000,0.000000,H2O FS(13)
H2O,Vibrational (Fundamental),O,Stokes,0,13,1,11,626.51309,2835.634,1.07891e-39,1.07891e-39,0.7500,0.0000,0.000000,H2O FO(13)
H2O,Vibrational (Fundamental),Q,Stokes,0,14,1,14,655.61980,3544.250,3.64636e-39,3.64636e-39,0.0500,0.0000,0.000000,H2O FQ(14)
H2O,Vibrational (Fundamental),S,Stokes,0,14,1,16,695.73806,4423.767,6.34855e-41,6.34855e-41,0.7500,0.0000,0.000000,H2O FS(14)
H2O,Vibrational (Fundamental),O,Stokes,0,14,1,12,624.18941,2776.214,5.52755e-41,5.52755e-41,0.7500,0.0000,0.000000,H2O FO(14)
H2O,Vibrational (Fundamental),Q,Stokes,0,15,1,15,655.46510,3540.650,1.45136e-39,1.45136e-39,0.0500,0.0000,0.000000,H2O FQ(15)
H2O,Vibrational (Fundamental),S,Stokes,0,15,1,17,698.25410,4475.558,2.51671e-41,2.51671e-41,0.7500,0.0000,0.000000,H2O FS(15)
H2O,Vibrational (Fundamental),O,Stokes,0,15,1,13,621.88165,2716.762,2.21105e-41,2.21105e-41,0.7500,0.0000,0.000000,H2O FO(15)
H2O,Vibrational (Fundamental),Q,Stokes,0,16,1,16,655.30016,3536.810,5.57913e-41,5.57913e-41,0.0500,0.0000,0.000000,H2O FQ(16)
H2O,Vibrational (Fundamental),S,Stokes,0,16,1,18,700.76417,4526.856,9.63983e-43,9.63983e-43,0.7500,0.0000,0.000000,H2O FS(16)
H2O,Vibrational (Fundamental),O,Stokes,0,16,1,14,619.59022,2657.293,8.53622e-43,8.53622e-43,0.7500,0.0000,0.000000,H2O FO(16)
H2O,Vibrational (Fundamental),Q,Stokes,0,17,1,17,655.12500,3532.730,1.67954e-41,1.67954e-41,0.0500,0.0000,0.000000,H2O FQ(17)
H2O,Vibrational (Fundamental),S,Stokes,0,17,1,19,703.26718,4577.646,2.89274e-43,2.89274e-43,0.7500,0.0000,0.000000,H2O FS(17)
H2O,Vibrational (Fundamental),O,Stokes,0,17,1,15,617.31554,2597.822,2.57952e-43,2.57952e-43,0.7500,0.0000,0.000000,H2O FO(17)
H2O,Vibrational (Fundamental),Q,Stokes,0,18,1,18,654.93965,3528.410,4.89342e-43,4.89342e-43,0.0500,0.0000,0.000000,H2O FQ(18)
H2O,Vibrational (Fundamental),S,Stokes,0,18,1,20,705.76202,4627.910,8.40413e-45,8.40413e-45,0.7500,0.0000,0.000000,H2O FS(18)
H2O,Vibrational (Fundamental),O,Stokes,0,18,1,16,615.05801,2538.364,7.54097e-45,7.54097e-45,0.7500,0.0000,0.000000,H2O FO(18)
H2O,Vibrational (Fundamental),Q,Stokes,0,19,1,19,654.74410,3523.850,1.11882e-43,1.11882e-43,0.0500,0.0000,0.000000,H2O FQ(19)
H2O,Vibrational (Fundamental),S,Stokes,0,19,1,21,708.24757,4677.636,1.91657e-45,1.91657e-45,0.7500,0.0000,0.000000,H2O FS(19)
H2O,Vibrational (Fundamental),O,Stokes,0,19,1,17,612.81802,2478.934,1.72936e-45,1.72936e-45,0.7500,0.0000,0.000000,H2O FO(19)
H2O,Vibrational (Fundamental),Q,Stokes,0,20,1,20,654.53840,3519.050,2.48077e-45,2.48077e-45,0.0500,0.0000,0.000000,H2O FQ(20)
H2O,Vibrational (Fundamental),S,Stokes,0,20,1,22,710.72266,4726.806,4.23975e-47,4.23975e-47,0.7500,0.0000,0.000000,H2O FS(20)
H2O,Vibrational (Fundamental),O,Stokes,0,20,1,18,610.59593,2419.550,3.84491e-47,3.84491e-47,0.7500,0.0000,0.000000,H2O FO(20)
H2O,Vibrational (Fundamental nu2 Bending),Q,Stokes,0,0,1,0,581.31956,1594.750,1.17269e-35,1.17269e-35,0.0800,0.0000,0.000000,H2O nu2Q(0)
H2O,Vibrational (Fundamental nu2 Bending),Q,Stokes,0,1,1,1,581.31145,1594.510,9.17087e-35,9.17087e-35,0.0800,0.0000,0.000000,H2O nu2Q(1)
H2O,Vibrational (Fundamental nu2 Bending),Q,Stokes,0,2,1,2,581.29523,1594.030,3.84700e-35,3.84700e-35,0.0800,0.0000,0.000000,H2O nu2Q(2)
H2O,Vibrational (Fundamental nu2 Bending),Q,Stokes,0,3,1,3,581.27090,1593.310,1.06020e-34,1.06020e-34,0.0800,0.0000,0.000000,H2O nu2Q(3)
H2O,Vibrational (Fundamental nu2 Bending),Q,Stokes,0,4,1,4,581.23847,1592.350,2.59124e-35,2.59124e-35,0.0800,0.0000,0.000000,H2O nu2Q(4)
H2O,Vibrational (Fundamental nu2 Bending),Q,Stokes,0,5,1,5,581.19793,1591.150,4.71002e-35,4.71002e-35,0.0800,0.0000,0.000000,H2O nu2Q(5)
H2O,Vibrational (Fundamental nu2 Bending),Q,Stokes,0,6,1,6,581.14929,1589.710,7.99691e-36,7.99691e-36,0.0800,0.0000,0.000000,H2O nu2Q(6)
H2O,Vibrational (Fundamental nu2 Bending),Q,Stokes,0,7,1,7,581.09256,1588.030,1.03749e-35,1.03749e-35,0.0800,0.0000,0.000000,H2O nu2Q(7)
H2O,Vibrational (Fundamental nu2 Bending),Q,Stokes,0,8,1,8,581.02773,1586.110,1.27777e-36,1.27777e-36,0.0800,0.0000,0.000000,H2O nu2Q(8)
H2O,Vibrational (Fundamental nu2 Bending),Q,Stokes,0,9,1,9,580.95482,1583.950,1.21528e-36,1.21528e-36,0.0800,0.0000,0.000000,H2O nu2Q(9)
H2O,Vibrational (Fundamental nu2 Bending),Q,Stokes,0,10,1,10,580.87383,1581.550,1.10544e-37,1.10544e-37,0.0800,0.0000,0.000000,H2O nu2Q(10)
H2O,Vibrational (Fundamental nu2 Bending),Q,Stokes,0,11,1,11,580.78477,1578.910,7.80820e-38,7.80820e-38,0.0800,0.0000,0.000000,H2O nu2Q(11)
H2O,Vibrational (Fundamental nu2 Bending),Q,Stokes,0,12,1,12,580.68764,1576.030,5.29763e-39,5.29763e-39,0.0800,0.0000,0.000000,H2O nu2Q(12)
H2O,Vibrational (Fundamental nu2 Bending),Q,Stokes,0,13,1,13,580.58245,1572.910,2.80101e-39,2.80101e-39,0.0800,0.0000,0.000000,H2O nu2Q(13)
H2O,Vibrational (Fundamental nu2 Bending),Q,Stokes,0,14,1,14,580.46921,1569.550,1.42684e-40,1.42684e-40,0.0800,0.0000,0.000000,H2O nu2Q(14)
H2O,Vibrational (Fundamental nu2 Bending),Q,Stokes,0,15,1,15,580.34794,1565.950,5.67924e-41,5.67924e-41,0.0800,0.0000,0.000000,H2O nu2Q(15)
H2O,Vibrational (Fundamental nu2 Bending),Q,Stokes,0,16,1,16,580.21864,1562.110,2.18314e-42,2.18314e-42,0.0800,0.0000,0.000000,H2O nu2Q(16)
H2O,Vibrational (Fundamental nu2 Bending),Q,Stokes,0,17,1,17,580.08131,1558.030,6.57210e-43,6.57210e-43,0.0800,0.0000,0.000000,H2O nu2Q(17)
H2O,Vibrational (Fundamental nu2 Bending),Q,Stokes,0,18,1,18,579.93598,1553.710,1.91481e-44,1.91481e-44,0.0800,0.0000,0.000000,H2O nu2Q(18)
H2O,Vibrational (Fundamental nu2 Bending),Q,Stokes,0,19,1,19,579.78266,1549.150,4.37800e-45,4.37800e-45,0.0800,0.0000,0.000000,H2O nu2Q(19)
H2O,Vibrational (Fundamental nu2 Bending),Q,Stokes,0,20,1,20,579.62135,1544.350,9.70737e-47,9.70737e-47,0.0800,0.0000,0.000000,H2O nu2Q(20)
H2O,Vibrational (Hot Band),Q,Stokes,1,0,2,0,652.94855,3481.850,1.76378e-41,1.76378e-41,0.0500,0.0000,0.000000,H2O HQ(0)
H2O,Vibrational (Hot Band),S,Stokes,1,0,2,2,656.60597,3567.158,7.66862e-43,7.66862e-43,0.7500,0.0000,0.000000,H2O HS(0)
H2O,Vibrational (Hot Band),Q,Stokes,1,1,2,1,652.93831,3481.610,1.38095e-40,1.38095e-40,0.0500,0.0000,0.000000,H2O HQ(1)
H2O,Vibrational (Hot Band),S,Stokes,1,1,2,3,659.05557,3623.765,3.60248e-42,3.60248e-42,0.7500,0.0000,0.000000,H2O HS(1)
H2O,Vibrational (Hot Band),Q,Stokes,1,2,2,2,652.91785,3481.130,5.80633e-41,5.80633e-41,0.0500,0.0000,0.000000,H2O HQ(2)
H2O,Vibrational (Hot Band),S,Stokes,1,2,2,4,661.51133,3680.094,1.29831e-42,1.29831e-42,0.7500,0.0000,0.000000,H2O HS(2)
H2O,Vibrational (Hot Band),O,Stokes,1,2,2,0,649.30128,3395.822,5.04898e-43,5.04898e-43,0.7500,0.0000,0.000000,H2O HO(2)
H2O,Vibrational (Hot Band),Q,Stokes,1,3,2,3,652.88716,3480.410,1.60578e-40,1.60578e-40,0.0500,0.0000,0.000000,H2O HQ(3)
H2O,Vibrational (Hot Band),S,Stokes,1,3,2,5,663.97251,3736.128,3.32460e-42,3.32460e-42,0.7500,0.0000,0.000000,H2O HS(3)
H2O,Vibrational (Hot Band),O,Stokes,1,3,2,1,646.88335,3338.255,1.79528e-42,1.79528e-42,0.7500,0.0000,0.000000,H2O HO(3)
H2O,Vibrational (Hot Band),Q,Stokes,1,4,2,4,652.84624,3479.450,3.94305e-41,3.94305e-41,0.0500,0.0000,0.000000,H2O HQ(4)
H2O,Vibrational (Hot Band),S,Stokes,1,4,2,6,666.43835,3791.854,7.79259e-43,7.79259e-43,0.7500,0.0000,0.000000,H2O HS(4)
H2O,Vibrational (Hot Band),O,Stokes,1,4,2,2,644.47499,3280.486,4.89820e-43,4.89820e-43,0.7500,0.0000,0.000000,H2O HO(4)
H2O,Vibrational (Hot Band),Q,Stokes,1,5,2,5,652.79510,3478.250,7.20907e-41,7.20907e-41,0.0500,0.0000,0.000000,H2O HQ(5)
H2O,Vibrational (Hot Band),S,Stokes,1,5,2,7,668.90804,3847.254,1.38088e-42,1.38088e-42,0.7500,0.0000,0.000000,H2O HS(5)
H2O,Vibrational (Hot Band),O,Stokes,1,5,2,3,642.07681,3222.532,9.49811e-43,9.49811e-43,0.7500,0.0000,0.000000,H2O HO(5)
H2O,Vibrational (Hot Band),Q,Stokes,1,6,2,6,652.73374,3476.810,1.23258e-41,1.23258e-41,0.0500,0.0000,0.000000,H2O HQ(6)
H2O,Vibrational (Hot Band),S,Stokes,1,6,2,8,671.38079,3902.316,2.30852e-43,2.30852e-43,0.7500,0.0000,0.000000,H2O HS(6)
H2O,Vibrational (Hot Band),O,Stokes,1,6,2,4,639.68943,3164.406,1.68642e-43,1.68642e-43,0.7500,0.0000,0.000000,H2O HO(6)
H2O,Vibrational (Hot Band),Q,Stokes,1,7,2,7,652.66217,3475.130,1.61222e-41,1.61222e-41,0.0500,0.0000,0.000000,H2O HQ(7)
H2O,Vibrational (Hot Band),S,Stokes,1,7,2,9,673.85577,3957.022,2.96880e-43,2.96880e-43,0.7500,0.0000,0.000000,H2O HS(7)
H2O,Vibrational (Hot Band),O,Stokes,1,7,2,5,637.31341,3106.126,2.26466e-43,2.26466e-43,0.7500,0.0000,0.000000,H2O HO(7)
H2O,Vibrational (Hot Band),Q,Stokes,1,8,2,8,652.58039,3473.210,2.00421e-42,2.00421e-42,0.0500,0.0000,0.000000,H2O HQ(8)
H2O,Vibrational (Hot Band),S,Stokes,1,8,2,10,676.33210,4011.357,3.64206e-44,3.64206e-44,0.7500,0.0000,0.000000,H2O HS(8)
H2O,Vibrational (Hot Band),O,Stokes,1,8,2,6,634.94934,3047.704,2.87048e-44,2.87048e-44,0.7500,0.0000,0.000000,H2O HO(8)
H2O,Vibrational (Hot Band),Q,Stokes,1,9,2,9,652.48842,3471.050,1.92631e-42,1.92631e-42,0.0500,0.0000,0.000000,H2O HQ(9)
H2O,Vibrational (Hot Band),S,Stokes,1,9,2,11,678.80892,4065.306,3.46345e-44,3.46345e-44,0.7500,0.0000,0.000000,H2O HS(9)
H2O,Vibrational (Hot Band),O,Stokes,1,9,2,7,632.59774,2989.158,2.80040e-44,2.80040e-44,0.7500,0.0000,0.000000,H2O HO(9)
H2O,Vibrational (Hot Band),Q,Stokes,1,10,2,10,652.38626,3468.650,1.77274e-43,1.77274e-43,0.0500,0.0000,0.000000,H2O HQ(10)
H2O,Vibrational (Hot Band),S,Stokes,1,10,2,12,681.28532,4118.854,3.15963e-45,3.15963e-45,0.7500,0.0000,0.000000,H2O HS(10)
H2O,Vibrational (Hot Band),O,Stokes,1,10,2,8,630.25914,2930.503,2.60783e-45,2.60783e-45,0.7500,0.0000,0.000000,H2O HO(10)
H2O,Vibrational (Hot Band),Q,Stokes,1,11,2,11,652.27392,3466.010,1.26833e-43,1.26833e-43,0.0500,0.0000,0.000000,H2O HQ(11)
H2O,Vibrational (Hot Band),S,Stokes,1,11,2,13,683.76038,4171.986,2.24416e-45,2.24416e-45,0.7500,0.0000,0.000000,H2O HS(11)
H2O,Vibrational (Hot Band),O,Stokes,1,11,2,9,627.93407,2871.754,1.88383e-45,1.88383e-45,0.7500,0.0000,0.000000,H2O HO(11)
H2O,Vibrational (Hot Band),Q,Stokes,1,12,2,12,652.15141,3463.130,8.72651e-45,8.72651e-45,0.0500,0.0000,0.000000,H2O HQ(12)
H2O,Vibrational (Hot Band),S,Stokes,1,12,2,14,686.23314,4224.686,1.53452e-46,1.53452e-46,0.7500,0.0000,0.000000,H2O HS(12)
H2O,Vibrational (Hot Band),O,Stokes,1,12,2,10,625.62300,2812.926,1.30650e-46,1.30650e-46,0.7500,0.0000,0.000000,H2O HO(12)
H2O,Vibrational (Hot Band),Q,Stokes,1,13,2,13,652.01874,3460.010,4.68442e-45,4.68442e-45,0.0500,0.0000,0.000000,H2O HQ(13)
H2O,Vibrational (Hot Band),S,Stokes,1,13,2,15,688.70263,4276.938,8.19364e-47,8.19364e-47,0.7500,0.0000,0.000000,H2O HS(13)
H2O,Vibrational (Hot Band),O,Stokes,1,13,2,11,623.32643,2754.034,7.06058e-47,7.06058e-47,0.7500,0.0000,0.000000,H2O HO(13)
H2O,Vibrational (Overtone),Q,Stokes,0,0,2,0,851.37594,7051.300,8.59778e-38,8.59778e-38,0.0500,0.0000,0.000000,H2O OQ(0)
H2O,Vibrational (Overtone),S,Stokes,0,0,2,2,857.60469,7136.608,3.73816e-39,3.73816e-39,0.7500,0.0000,0.000000,H2O OS(0)
H2O,Vibrational (Overtone),Q,Stokes,0,1,2,1,851.34115,7050.820,6.72376e-37,6.72376e-37,0.0500,0.0000,0.000000,H2O OQ(1)
H2O,Vibrational (Overtone),S,Stokes,0,1,2,3,861.77052,7192.975,1.75403e-38,1.75403e-38,0.7500,0.0000,0.000000,H2O OS(1)
H2O,Vibrational (Overtone),Q,Stokes,0,2,2,2,851.27158,7049.860,2.82048e-37,2.82048e-37,0.0500,0.0000,0.000000,H2O OQ(2)
H2O,Vibrational (Overtone),S,Stokes,0,2,2,4,865.93814,7248.824,6.30667e-39,6.30667e-39,0.7500,0.0000,0.000000,H2O OS(2)
H2O,Vibrational (Overtone),O,Stokes,0,2,2,0,845.13416,6964.552,2.45260e-39,2.45260e-39,0.7500,0.0000,0.000000,H2O OO(2)
H2O,Vibrational (Overtone),Q,Stokes,0,3,2,3,851.16724,7048.420,7.77301e-37,7.77301e-37,0.0500,0.0000,0.000000,H2O OQ(3)
H2O,Vibrational (Overtone),S,Stokes,0,3,2,5,870.10586,7304.138,1.60932e-38,1.60932e-38,0.7500,0.0000,0.000000,H2O OS(3)
H2O,Vibrational (Overtone),O,Stokes,0,3,2,1,840.99142,6906.265,8.69032e-39,8.69032e-39,0.7500,0.0000,0.000000,H2O OO(3)
H2O,Vibrational (Overtone),Q,Stokes,0,4,2,4,851.02816,7046.500,1.89981e-37,1.89981e-37,0.0500,0.0000,0.000000,H2O OQ(4)
H2O,Vibrational (Overtone),S,Stokes,0,4,2,6,874.27192,7358.904,3.75456e-39,3.75456e-39,0.7500,0.0000,0.000000,H2O OS(4)
H2O,Vibrational (Overtone),O,Stokes,0,4,2,2,836.85818,6847.536,2.36001e-39,2.36001e-39,0.7500,0.0000,0.000000,H2O OO(4)
H2O,Vibrational (Overtone),Q,Stokes,0,5,2,5,850.85438,7044.100,3.45322e-37,3.45322e-37,0.0500,0.0000,0.000000,H2O OQ(5)
H2O,Vibrational (Overtone),S,Stokes,0,5,2,7,878.43450,7413.104,6.61456e-39,6.61456e-39,0.7500,0.0000,0.000000,H2O OS(5)
H2O,Vibrational (Overtone),O,Stokes,0,5,2,3,832.73581,6788.382,4.54970e-39,4.54970e-39,0.7500,0.0000,0.000000,H2O OO(5)
H2O,Vibrational (Overtone),Q,Stokes,0,6,2,6,850.64593,7041.220,5.86305e-38,5.86305e-38,0.0500,0.0000,0.000000,H2O OQ(6)
H2O,Vibrational (Overtone),S,Stokes,0,6,2,8,882.59174,7466.726,1.09810e-39,1.09810e-39,0.7500,0.0000,0.000000,H2O OS(6)
H2O,Vibrational (Overtone),O,Stokes,0,6,2,4,828.62563,6728.816,8.02181e-40,8.02181e-40,0.7500,0.0000,0.000000,H2O OO(6)
H2O,Vibrational (Overtone),Q,Stokes,0,7,2,7,850.40287,7037.860,7.60654e-38,7.60654e-38,0.0500,0.0000,0.000000,H2O OQ(7)
H2O,Vibrational (Overtone),S,Stokes,0,7,2,9,886.74172,7519.752,1.40069e-39,1.40069e-39,0.7500,0.0000,0.000000,H2O OS(7)
H2O,Vibrational (Overtone),O,Stokes,0,7,2,5,824.52895,6668.856,1.06848e-39,1.06848e-39,0.7500,0.0000,0.000000,H2O OO(7)
H2O,Vibrational (Overtone),Q,Stokes,0,8,2,8,850.12526,7034.020,9.36818e-39,9.36818e-39,0.0500,0.0000,0.000000,H2O OQ(8)
H2O,Vibrational (Overtone),S,Stokes,0,8,2,10,890.88244,7572.167,1.70239e-40,1.70239e-40,0.7500,0.0000,0.000000,H2O OS(8)
H2O,Vibrational (Overtone),O,Stokes,0,8,2,6,820.44698,6608.514,1.34173e-40,1.34173e-40,0.7500,0.0000,0.000000,H2O OO(8)
H2O,Vibrational (Overtone),Q,Stokes,0,9,2,9,849.81316,7029.700,8.91004e-39,8.91004e-39,0.0500,0.0000,0.000000,H2O OQ(9)
H2O,Vibrational (Overtone),S,Stokes,0,9,2,11,895.01187,7623.956,1.60200e-40,1.60200e-40,0.7500,0.0000,0.000000,H2O OS(9)
H2O,Vibrational (Overtone),O,Stokes,0,9,2,7,816.38091,6547.808,1.29531e-40,1.29531e-40,0.7500,0.0000,0.000000,H2O OO(9)
H2O,Vibrational (Overtone),Q,Stokes,0,10,2,10,849.46665,7024.900,8.10468e-40,8.10468e-40,0.0500,0.0000,0.000000,H2O OQ(10)
H2O,Vibrational (Overtone),S,Stokes,0,10,2,12,899.12792,7675.104,1.44453e-41,1.44453e-41,0.7500,0.0000,0.000000,H2O OS(10)
H2O,Vibrational (Overtone),O,Stokes,0,10,2,8,812.33189,6486.753,1.19225e-41,1.19225e-41,0.7500,0.0000,0.000000,H2O OO(10)
H2O,Vibrational (Overtone),Q,Stokes,0,11,2,11,849.08582,7019.620,5.72470e-40,5.72470e-40,0.0500,0.0000,0.000000,H2O OQ(11)
H2O,Vibrational (Overtone),S,Stokes,0,11,2,13,903.22842,7725.596,1.01291e-41,1.01291e-41,0.7500,0.0000,0.000000,H2O OS(11)
H2O,Vibrational (Overtone),O,Stokes,0,11,2,9,808.30101,6425.364,8.50279e-42,8.50279e-42,0.7500,0.0000,0.000000,H2O OO(11)
H2O,Vibrational (Overtone),Q,Stokes,0,12,2,12,848.67076,7013.860,3.88404e-41,3.88404e-41,0.0500,0.0000,0.000000,H2O OQ(12)
H2O,Vibrational (Overtone),S,Stokes,0,12,2,14,907.31118,7775.416,6.82990e-43,6.82990e-43,0.7500,0.0000,0.000000,H2O OS(12)
H2O,Vibrational (Overtone),O,Stokes,0,12,2,10,804.28931,6363.656,5.81505e-43,5.81505e-43,0.7500,0.0000,0.000000,H2O OO(12)
H2O,Vibrational (Overtone),Q,Stokes,0,13,2,13,848.22157,7007.620,2.05360e-41,2.05360e-41,0.0500,0.0000,0.000000,H2O OQ(13)
H2O,Vibrational (Overtone),S,Stokes,0,13,2,15,911.37392,7824.548,3.59201e-43,3.59201e-43,0.7500,0.0000,0.000000,H2O OS(13)
H2O,Vibrational (Overtone),O,Stokes,0,13,2,11,800.29781,6301.644,3.09529e-43,3.09529e-43,0.7500,0.0000,0.000000,H2O OO(13)
H2O,Vibrational (Overtone),Q,Stokes,0,14,2,14,847.73835,7000.900,1.04611e-42,1.04611e-42,0.0500,0.0000,0.000000,H2O OQ(14)
H2O,Vibrational (Overtone),S,Stokes,0,14,2,16,915.41431,7872.977,1.82134e-44,1.82134e-44,0.7500,0.0000,0.000000,H2O OS(14)
H2O,Vibrational (Overtone),O,Stokes,0,14,2,12,796.32747,6239.344,1.58580e-44,1.58580e-44,0.7500,0.0000,0.000000,H2O OO(14)
H2O,Vibrational (Overtone),Q,Stokes,0,15,2,15,847.22123,6993.700,4.16382e-43,4.16382e-43,0.0500,0.0000,0.000000,H2O OQ(15)
H2O,Vibrational (Overtone),S,Stokes,0,15,2,17,919.42998,7920.688,7.22019e-45,7.22019e-45,0.7500,0.0000,0.000000,H2O OS(15)
H2O,Vibrational (Overtone),O,Stokes,0,15,2,13,792.37920,6176.772,6.34330e-45,6.34330e-45,0.7500,0.0000,0.000000,H2O OO(15)
H2O,Vibrational (Overtone),Q,Stokes,0,16,2,16,846.67033,6986.020,1.60060e-44,1.60060e-44,0.0500,0.0000,0.000000,H2O OQ(16)
H2O,Vibrational (Overtone),S,Stokes,0,16,2,18,923.41850,7967.666,2.76558e-46,2.76558e-46,0.7500,0.0000,0.000000,H2O OS(16)
H2O,Vibrational (Overtone),O,Stokes,0,16,2,14,788.45391,6113.943,2.44896e-46,2.44896e-46,0.7500,0.0000,0.000000,H2O OO(16)
H2O,Vibrational (Overtone),Q,Stokes,0,17,2,17,846.08579,6977.860,4.81843e-45,4.81843e-45,0.0500,0.0000,0.000000,H2O OQ(17)
H2O,Vibrational (Overtone),S,Stokes,0,17,2,19,927.37736,8013.896,8.29899e-47,8.29899e-47,0.7500,0.0000,0.000000,H2O OS(17)
H2O,Vibrational (Overtone),O,Stokes,0,17,2,15,784.55242,6050.872,7.40041e-47,7.40041e-47,0.7500,0.0000,0.000000,H2O OO(17)
H2O,Vibrational (Overtone),Q,Stokes,0,18,2,18,845.46773,6969.220,1.40388e-46,1.40388e-46,0.0500,0.0000,0.000000,H2O OQ(18)
H2O,Vibrational (Overtone),S,Stokes,0,18,2,20,931.30403,8059.360,2.41107e-48,2.41107e-48,0.7500,0.0000,0.000000,H2O OS(18)
H2O,Vibrational (Overtone),O,Stokes,0,18,2,16,780.67554,5987.574,2.16343e-48,2.16343e-48,0.7500,0.0000,0.000000,H2O OO(18)
H2O,Vibrational (Overtone),Q,Stokes,0,19,2,19,844.81632,6960.100,3.20980e-47,3.20980e-47,0.0500,0.0000,0.000000,H2O OQ(19)
H2O,Vibrational (Overtone),S,Stokes,0,19,2,21,935.19592,8104.046,5.49847e-49,5.49847e-49,0.7500,0.0000,0.000000,H2O OS(19)
H2O,Vibrational (Overtone),O,Stokes,0,19,2,17,776.82404,5924.064,4.96136e-49,4.96136e-49,0.7500,0.0000,0.000000,H2O OO(19)
H2O,Vibrational (Overtone),Q,Stokes,0,20,2,20,844.13171,6950.500,7.11711e-49,7.11711e-49,0.0500,0.0000,0.000000,H2O OQ(20)
H2O,Vibrational (Overtone),S,Stokes,0,20,2,22,939.05037,8147.936,1.21634e-50,1.21634e-50,0.7500,0.0000,0.000000,H2O OS(20)
H2O,Vibrational (Overtone),O,Stokes,0,20,2,18,772.99866,5860.360,1.10307e-50,1.10307e-50,0.7500,0.0000,0.000000,H2O OO(20)
